ticker,datetime,close_price,event_code,window_suggested,date
DCTH,2004-01-30 14:30:32.000000,1.61,E11_VolumeBounce,"[-3,+3]",2004-01-30
CRD.A,2004-02-09 14:57:56.899000,5.6,E11_VolumeBounce,"[-3,+3]",2004-02-09
DCTH,2004-02-26 14:30:26.000000,1.648,E11_VolumeBounce,"[-3,+3]",2004-02-26
DCTH,2004-03-04 14:30:27.000000,1.73,E11_VolumeBounce,"[-3,+3]",2004-03-04
DCTH,2004-03-26 14:30:01.000000,2.37,E11_VolumeBounce,"[-3,+3]",2004-03-26
DCTH,2004-04-07 13:18:48.000000,2.9,E11_VolumeBounce,"[-3,+3]",2004-04-07
DCTH,2004-04-16 13:40:27.000000,2.74,E11_VolumeBounce,"[-3,+3]",2004-04-16
DCTH,2004-04-22 13:29:51.000000,2.63,E11_VolumeBounce,"[-3,+3]",2004-04-22
DCTH,2004-05-11 13:29:53.000000,2.42,E11_VolumeBounce,"[-3,+3]",2004-05-11
CPSS,2004-05-14 13:31:58.000000,4.4,E11_VolumeBounce,"[-3,+3]",2004-05-14
DCTH,2004-05-20 13:29:30.000000,1.9,E11_VolumeBounce,"[-3,+3]",2004-05-20
SBNY,2004-05-28 13:36:03.000000,25.08,E11_VolumeBounce,"[-3,+3]",2004-05-28
DCTH,2004-06-07 13:29:50.000000,2.37,E11_VolumeBounce,"[-3,+3]",2004-06-07
LPSN,2004-06-17 13:10:31.000000,3.05,E11_VolumeBounce,"[-3,+3]",2004-06-17
DCTH,2004-06-17 13:30:22.000000,2.3,E11_VolumeBounce,"[-3,+3]",2004-06-17
DCTH,2004-06-22 13:30:17.000000,2.07,E11_VolumeBounce,"[-3,+3]",2004-06-22
TACT,2004-06-25 12:02:07.000000,28.25,E11_VolumeBounce,"[-3,+3]",2004-06-25
DCTH,2004-06-30 13:30:02.000000,1.92,E11_VolumeBounce,"[-3,+3]",2004-06-30
DCTH,2004-07-09 13:33:35.000000,1.76,E11_VolumeBounce,"[-3,+3]",2004-07-09
QDEL,2004-07-12 13:09:26.000000,3.5,E11_VolumeBounce,"[-3,+3]",2004-07-12
DCTH,2004-07-15 13:30:04.000000,1.75,E11_VolumeBounce,"[-3,+3]",2004-07-15
DCTH,2004-07-20 13:29:50.000000,1.64,E11_VolumeBounce,"[-3,+3]",2004-07-20
DCTH,2004-07-27 13:30:02.000000,1.53,E11_VolumeBounce,"[-3,+3]",2004-07-27
DCTH,2004-08-13 13:41:59.000000,1.62,E11_VolumeBounce,"[-3,+3]",2004-08-13
DCTH,2004-08-31 13:30:31.000000,1.69,E11_VolumeBounce,"[-3,+3]",2004-08-31
DCTH,2004-09-13 13:30:47.000000,1.92,E11_VolumeBounce,"[-3,+3]",2004-09-13
IDT,2004-09-17 13:34:09.838000,15.785,E11_VolumeBounce,"[-3,+3]",2004-09-17
DCTH,2004-09-24 14:06:07.000000,1.9,E11_VolumeBounce,"[-3,+3]",2004-09-24
DCTH,2004-10-08 13:49:45.000000,2.03,E11_VolumeBounce,"[-3,+3]",2004-10-08
DCTH,2004-10-21 13:30:15.000000,2.0671,E11_VolumeBounce,"[-3,+3]",2004-10-21
CPSS,2004-11-04 14:58:28.000000,4.67,E11_VolumeBounce,"[-3,+3]",2004-11-04
RCMT,2004-11-12 14:30:15.000000,4.02,E11_VolumeBounce,"[-3,+3]",2004-11-12
LPSN,2004-11-17 14:27:40.000000,2.07,E11_VolumeBounce,"[-3,+3]",2004-11-17
QDEL,2004-11-18 14:30:00.000000,6.3,E11_VolumeBounce,"[-3,+3]",2004-11-18
TACT,2004-11-18 14:30:16.000000,20.29,E11_VolumeBounce,"[-3,+3]",2004-11-18
SBNY,2004-11-19 14:30:05.000000,27.92,E11_VolumeBounce,"[-3,+3]",2004-11-19
DCTH,2004-12-09 13:50:52.000000,3.08,E11_VolumeBounce,"[-3,+3]",2004-12-09
DCTH,2004-12-15 13:01:01.000000,3.05,E11_VolumeBounce,"[-3,+3]",2004-12-15
TACT,2004-12-17 14:29:56.000000,19.7,E11_VolumeBounce,"[-3,+3]",2004-12-17
DCTH,2004-12-21 14:33:57.000000,2.66,E11_VolumeBounce,"[-3,+3]",2004-12-21
DCTH,2004-12-30 14:30:00.000000,2.869,E11_VolumeBounce,"[-3,+3]",2004-12-30
DCTH,2005-01-06 14:30:02.000000,2.84,E11_VolumeBounce,"[-3,+3]",2005-01-06
TACT,2005-01-12 14:29:58.000000,19.66,E11_VolumeBounce,"[-3,+3]",2005-01-12
DCTH,2005-01-25 14:29:53.000000,3.52,E11_VolumeBounce,"[-3,+3]",2005-01-25
DCTH,2005-02-03 13:34:01.000000,3.33,E11_VolumeBounce,"[-3,+3]",2005-02-03
CPSS,2005-02-10 15:04:01.000000,5.24,E11_VolumeBounce,"[-3,+3]",2005-02-10
DCTH,2005-02-23 14:35:21.000000,3.15,E11_VolumeBounce,"[-3,+3]",2005-02-23
DCTH,2005-02-28 14:30:02.000000,3.16,E11_VolumeBounce,"[-3,+3]",2005-02-28
SBNY,2005-03-08 14:30:01.000000,29.18,E11_VolumeBounce,"[-3,+3]",2005-03-08
DCTH,2005-03-11 14:30:02.000000,3.03,E11_VolumeBounce,"[-3,+3]",2005-03-11
SBNY,2005-03-16 14:30:00.000000,24.55,E11_VolumeBounce,"[-3,+3]",2005-03-16
DCTH,2005-03-18 14:30:03.000000,2.76,E11_VolumeBounce,"[-3,+3]",2005-03-18
ALF,2005-03-21 14:30:06.381000,25.0,E11_VolumeBounce,"[-3,+3]",2005-03-21
RCMT,2005-03-22 14:51:48.000000,4.3,E11_VolumeBounce,"[-3,+3]",2005-03-22
DCTH,2005-03-28 14:30:02.000000,2.68,E11_VolumeBounce,"[-3,+3]",2005-03-28
DCTH,2005-04-04 13:30:02.000000,2.15,E11_VolumeBounce,"[-3,+3]",2005-04-04
CRD.A,2005-04-07 14:52:36.667000,7.08,E11_VolumeBounce,"[-3,+3]",2005-04-07
DCTH,2005-04-08 13:30:02.000000,2.34,E11_VolumeBounce,"[-3,+3]",2005-04-08
SND,2005-04-19 13:35:49.184000,19.89,E11_VolumeBounce,"[-3,+3]",2005-04-19
DCTH,2005-04-26 13:30:02.000000,2.4,E11_VolumeBounce,"[-3,+3]",2005-04-26
TPX,2005-04-26 13:39:08.377000,19.0,E11_VolumeBounce,"[-3,+3]",2005-04-26
DCTH,2005-04-29 13:30:02.000000,2.37,E11_VolumeBounce,"[-3,+3]",2005-04-29
RCMT,2005-05-02 14:29:59.000000,4.4442,E11_VolumeBounce,"[-3,+3]",2005-05-02
DCTH,2005-05-05 13:30:02.000000,2.1,E11_VolumeBounce,"[-3,+3]",2005-05-05
DCTH,2005-05-18 13:28:16.000000,3.24,E11_VolumeBounce,"[-3,+3]",2005-05-18
DCTH,2005-05-25 13:30:02.000000,3.1,E11_VolumeBounce,"[-3,+3]",2005-05-25
DCTH,2005-06-06 13:30:03.000000,3.09,E11_VolumeBounce,"[-3,+3]",2005-06-06
DCTH,2005-06-10 13:30:02.000000,3.11,E11_VolumeBounce,"[-3,+3]",2005-06-10
GRIL,2005-06-13 13:41:35.000000,3.65,E11_VolumeBounce,"[-3,+3]",2005-06-13
SBNY,2005-06-24 13:31:51.000000,24.57,E11_VolumeBounce,"[-3,+3]",2005-06-24
DCTH,2005-06-24 13:33:59.000000,3.06,E11_VolumeBounce,"[-3,+3]",2005-06-24
GRIL,2005-06-28 13:30:03.000000,3.7,E11_VolumeBounce,"[-3,+3]",2005-06-28
DCTH,2005-06-30 13:30:03.000000,2.77,E11_VolumeBounce,"[-3,+3]",2005-06-30
DCTH,2005-07-25 13:30:03.000000,2.87,E11_VolumeBounce,"[-3,+3]",2005-07-25
IDT,2005-08-05 13:30:42.887000,12.69,E11_VolumeBounce,"[-3,+3]",2005-08-05
DCTH,2005-08-25 13:25:02.000000,2.89,E11_VolumeBounce,"[-3,+3]",2005-08-25
CRD.A,2005-08-29 13:41:27.149000,6.76,E11_VolumeBounce,"[-3,+3]",2005-08-29
DCTH,2005-08-30 13:30:03.000000,2.66,E11_VolumeBounce,"[-3,+3]",2005-08-30
DCTH,2005-09-14 13:42:43.000000,2.93,E11_VolumeBounce,"[-3,+3]",2005-09-14
LPSN,2005-09-19 13:30:02.000000,3.27,E11_VolumeBounce,"[-3,+3]",2005-09-19
DCTH,2005-09-20 13:51:22.000000,3.13,E11_VolumeBounce,"[-3,+3]",2005-09-20
IDT,2005-09-29 13:34:45.628000,11.98,E11_VolumeBounce,"[-3,+3]",2005-09-29
QDEL,2005-10-06 13:25:02.000000,9.02,E11_VolumeBounce,"[-3,+3]",2005-10-06
DCTH,2005-10-10 13:30:02.000000,3.09,E11_VolumeBounce,"[-3,+3]",2005-10-10
TWIN,2005-10-21 14:00:18.000000,38.0,E11_VolumeBounce,"[-3,+3]",2005-10-21
DCTH,2005-10-25 13:30:01.000000,3.49,E11_VolumeBounce,"[-3,+3]",2005-10-25
DCTH,2005-11-01 14:30:25.000000,3.66,E11_VolumeBounce,"[-3,+3]",2005-11-01
CRD.A,2005-11-02 15:27:09.695000,7.03,E11_VolumeBounce,"[-3,+3]",2005-11-02
DCTH,2005-11-09 14:30:04.000000,3.7,E11_VolumeBounce,"[-3,+3]",2005-11-09
MGPI,2005-11-15 14:29:51.000000,10.27,E11_VolumeBounce,"[-3,+3]",2005-11-15
DCTH,2005-11-29 14:30:04.000000,3.26,E11_VolumeBounce,"[-3,+3]",2005-11-29
DCTH,2005-12-15 14:30:05.705000,3.32,E11_VolumeBounce,"[-3,+3]",2005-12-15
IDT,2005-12-16 14:34:24.847000,11.66,E11_VolumeBounce,"[-3,+3]",2005-12-16
DCTH,2005-12-23 14:30:17.542000,3.38,E11_VolumeBounce,"[-3,+3]",2005-12-23
RCMT,2006-01-05 14:30:01.691000,4.93,E11_VolumeBounce,"[-3,+3]",2006-01-05
DCTH,2006-01-06 14:30:04.218000,3.54,E11_VolumeBounce,"[-3,+3]",2006-01-06
NAII,2006-01-09 14:30:00.977000,6.43,E11_VolumeBounce,"[-3,+3]",2006-01-09
MGPI,2006-01-09 14:30:01.467000,12.15,E11_VolumeBounce,"[-3,+3]",2006-01-09
DCTH,2006-01-19 14:30:04.469000,3.578,E11_VolumeBounce,"[-3,+3]",2006-01-19
DCTH,2006-02-03 14:30:05.381000,3.9,E11_VolumeBounce,"[-3,+3]",2006-02-03
DCTH,2006-02-14 13:01:49.977000,3.96,E11_VolumeBounce,"[-3,+3]",2006-02-14
DCTH,2006-02-17 13:46:12.086000,4.23,E11_VolumeBounce,"[-3,+3]",2006-02-17
DCTH,2006-02-23 14:30:04.963000,4.41,E11_VolumeBounce,"[-3,+3]",2006-02-23
NAII,2006-03-06 14:30:01.156000,8.46,E11_VolumeBounce,"[-3,+3]",2006-03-06
DCTH,2006-03-13 14:30:05.082000,4.04,E11_VolumeBounce,"[-3,+3]",2006-03-13
LPSN,2006-03-24 14:30:03.358000,6.0,E11_VolumeBounce,"[-3,+3]",2006-03-24
DCTH,2006-03-29 14:37:35.298000,4.47,E11_VolumeBounce,"[-3,+3]",2006-03-29
MGPI,2006-04-05 13:30:04.447000,16.5,E11_VolumeBounce,"[-3,+3]",2006-04-05
DCTH,2006-04-10 13:30:04.845000,3.91,E11_VolumeBounce,"[-3,+3]",2006-04-10
DCTH,2006-04-13 13:42:37.824000,3.84,E11_VolumeBounce,"[-3,+3]",2006-04-13
DCTH,2006-04-26 13:30:11.556000,4.36,E11_VolumeBounce,"[-3,+3]",2006-04-26
CPSS,2006-05-09 13:30:07.831000,8.08,E11_VolumeBounce,"[-3,+3]",2006-05-09
DCTH,2006-05-16 13:30:05.043000,5.66,E11_VolumeBounce,"[-3,+3]",2006-05-16
DCTH,2006-05-23 13:02:44.640000,4.97,E11_VolumeBounce,"[-3,+3]",2006-05-23
DCTH,2006-05-31 13:30:05.015000,5.15,E11_VolumeBounce,"[-3,+3]",2006-05-31
DCTH,2006-06-06 13:33:28.913000,5.15,E11_VolumeBounce,"[-3,+3]",2006-06-06
CRD.A,2006-06-06 13:40:20.400000,6.27,E11_VolumeBounce,"[-3,+3]",2006-06-06
DCTH,2006-06-15 13:30:04.500000,4.69,E11_VolumeBounce,"[-3,+3]",2006-06-15
DCTH,2006-06-28 13:30:04.248000,5.1,E11_VolumeBounce,"[-3,+3]",2006-06-28
DCTH,2006-07-11 13:30:04.304000,5.2,E11_VolumeBounce,"[-3,+3]",2006-07-11
DCTH,2006-07-14 13:30:04.278000,4.98,E11_VolumeBounce,"[-3,+3]",2006-07-14
USNA,2006-07-19 13:25:14.511000,37.5,E11_VolumeBounce,"[-3,+3]",2006-07-19
DCTH,2006-08-02 13:30:04.030000,5.0,E11_VolumeBounce,"[-3,+3]",2006-08-02
DCTH,2006-08-09 13:32:03.222000,5.0,E11_VolumeBounce,"[-3,+3]",2006-08-09
DISCB,2006-08-10 13:42:34.345000,13.47,E11_VolumeBounce,"[-3,+3]",2006-08-10
RCMT,2006-08-17 14:18:20.926000,4.95,E11_VolumeBounce,"[-3,+3]",2006-08-17
DCTH,2006-08-18 13:30:47.950000,4.8,E11_VolumeBounce,"[-3,+3]",2006-08-18
DCTH,2006-08-24 13:30:04.172000,4.73,E11_VolumeBounce,"[-3,+3]",2006-08-24
DCTH,2006-08-29 13:23:32.356000,4.76,E11_VolumeBounce,"[-3,+3]",2006-08-29
DCTH,2006-09-07 13:30:04.272000,4.05,E11_VolumeBounce,"[-3,+3]",2006-09-07
DCTH,2006-09-15 13:20:29.269000,3.85,E11_VolumeBounce,"[-3,+3]",2006-09-15
ASTI,2006-09-19 13:42:09.261000,2.15,E11_VolumeBounce,"[-3,+3]",2006-09-19
ASTI,2006-09-22 13:47:29.663000,2.11,E11_VolumeBounce,"[-3,+3]",2006-09-22
ASTI,2006-10-03 13:30:43.801000,2.6,E11_VolumeBounce,"[-3,+3]",2006-10-03
DCTH,2006-10-06 13:30:04.186000,2.98,E11_VolumeBounce,"[-3,+3]",2006-10-06
ASTI,2006-10-11 13:29:35.897000,2.78,E11_VolumeBounce,"[-3,+3]",2006-10-11
DCTH,2006-10-18 13:30:04.512000,3.68,E11_VolumeBounce,"[-3,+3]",2006-10-18
DCTH,2006-10-24 13:30:04.799000,3.69,E11_VolumeBounce,"[-3,+3]",2006-10-24
CRD.A,2006-10-26 13:32:46.037000,6.16,E11_VolumeBounce,"[-3,+3]",2006-10-26
ASTI,2006-10-27 13:30:04.828000,3.35,E11_VolumeBounce,"[-3,+3]",2006-10-27
ASTI,2006-11-01 14:30:00.545000,3.2,E11_VolumeBounce,"[-3,+3]",2006-11-01
DCTH,2006-11-03 14:30:00.196000,3.25,E11_VolumeBounce,"[-3,+3]",2006-11-03
DCTH,2006-11-08 14:26:03.181000,3.23,E11_VolumeBounce,"[-3,+3]",2006-11-08
GRIL,2006-11-08 16:15:44.034000,3.4,E11_VolumeBounce,"[-3,+3]",2006-11-08
DCTH,2006-11-24 14:30:00.445000,3.1,E11_VolumeBounce,"[-3,+3]",2006-11-24
ASTI,2006-11-24 14:30:01.922000,3.48,E11_VolumeBounce,"[-3,+3]",2006-11-24
GRIL,2006-11-28 14:30:01.523000,2.8603,E11_VolumeBounce,"[-3,+3]",2006-11-28
ASTI,2006-11-29 14:30:00.184000,3.3,E11_VolumeBounce,"[-3,+3]",2006-11-29
DCTH,2006-12-01 14:31:03.799000,3.0,E11_VolumeBounce,"[-3,+3]",2006-12-01
ASTI,2006-12-05 14:30:01.228000,3.2,E11_VolumeBounce,"[-3,+3]",2006-12-05
GRIL,2006-12-14 14:30:00.227000,3.01,E11_VolumeBounce,"[-3,+3]",2006-12-14
DCTH,2006-12-14 14:30:01.336000,3.15,E11_VolumeBounce,"[-3,+3]",2006-12-14
ASTI,2006-12-22 15:17:31.508000,2.73,E11_VolumeBounce,"[-3,+3]",2006-12-22
DCTH,2006-12-29 14:30:01.085000,3.52,E11_VolumeBounce,"[-3,+3]",2006-12-29
DCTH,2007-01-08 13:50:53.993000,3.48,E11_VolumeBounce,"[-3,+3]",2007-01-08
ASTI,2007-01-11 14:30:01.120000,2.68,E11_VolumeBounce,"[-3,+3]",2007-01-11
DCTH,2007-01-16 14:30:00.391000,3.2898,E11_VolumeBounce,"[-3,+3]",2007-01-16
ASTI,2007-01-22 14:30:00.242000,2.7,E11_VolumeBounce,"[-3,+3]",2007-01-22
DCTH,2007-01-23 14:30:01.799000,3.2238,E11_VolumeBounce,"[-3,+3]",2007-01-23
ASTI,2007-01-26 15:47:55.405000,2.54,E11_VolumeBounce,"[-3,+3]",2007-01-26
LPSN,2007-01-30 14:30:01.387000,5.35,E11_VolumeBounce,"[-3,+3]",2007-01-30
TACT,2007-02-23 14:30:00.917000,9.39,E11_VolumeBounce,"[-3,+3]",2007-02-23
DCTH,2007-03-01 14:30:01.622000,4.4,E11_VolumeBounce,"[-3,+3]",2007-03-01
DCTH,2007-03-06 14:30:00.737000,4.2,E11_VolumeBounce,"[-3,+3]",2007-03-06
DCTH,2007-03-09 14:34:41.619000,4.31,E11_VolumeBounce,"[-3,+3]",2007-03-09
NAII,2007-03-16 18:45:40.245000,8.78,E11_VolumeBounce,"[-3,+3]",2007-03-16
DCTH,2007-03-19 13:30:01.185000,4.19,E11_VolumeBounce,"[-3,+3]",2007-03-19
DCTH,2007-03-28 13:30:02.439000,4.1,E11_VolumeBounce,"[-3,+3]",2007-03-28
ASTI,2007-03-29 12:30:52.533000,8.87,E11_VolumeBounce,"[-3,+3]",2007-03-29
DCTH,2007-04-04 13:30:00.171000,4.0552,E11_VolumeBounce,"[-3,+3]",2007-04-04
ASTI,2007-04-10 13:30:00.264000,8.768,E11_VolumeBounce,"[-3,+3]",2007-04-10
DCTH,2007-04-19 13:30:00.767000,4.5583,E11_VolumeBounce,"[-3,+3]",2007-04-19
DCTH,2007-04-27 13:30:02.027000,4.53,E11_VolumeBounce,"[-3,+3]",2007-04-27
ASTI,2007-04-30 13:30:01.200000,9.1878,E11_VolumeBounce,"[-3,+3]",2007-04-30
LPSN,2007-05-02 12:24:41.517000,6.74,E11_VolumeBounce,"[-3,+3]",2007-05-02
IDT,2007-05-02 13:34:42.082000,11.0,E11_VolumeBounce,"[-3,+3]",2007-05-02
TACT,2007-05-04 13:14:10.537000,6.51,E11_VolumeBounce,"[-3,+3]",2007-05-04
ASTI,2007-05-07 12:26:22.187000,8.86,E11_VolumeBounce,"[-3,+3]",2007-05-07
ASTI,2007-05-10 12:15:55.117000,8.9,E11_VolumeBounce,"[-3,+3]",2007-05-10
DCTH,2007-05-10 13:30:00.700000,4.33,E11_VolumeBounce,"[-3,+3]",2007-05-10
DCTH,2007-05-15 13:30:00.617000,4.18,E11_VolumeBounce,"[-3,+3]",2007-05-15
ASTI,2007-05-21 13:30:01.087000,7.6,E11_VolumeBounce,"[-3,+3]",2007-05-21
DCTH,2007-05-24 13:30:00.720000,3.99,E11_VolumeBounce,"[-3,+3]",2007-05-24
ASTI,2007-06-01 12:37:35.560000,7.3,E11_VolumeBounce,"[-3,+3]",2007-06-01
DCTH,2007-06-08 13:28:00.343000,4.6,E11_VolumeBounce,"[-3,+3]",2007-06-08
ASTI,2007-06-13 13:30:00.687000,7.38,E11_VolumeBounce,"[-3,+3]",2007-06-13
DCTH,2007-06-13 13:43:11.733000,4.7,E11_VolumeBounce,"[-3,+3]",2007-06-13
ASTI,2007-06-20 13:30:01.313000,7.95,E11_VolumeBounce,"[-3,+3]",2007-06-20
ASTI,2007-06-25 12:00:00.820000,7.67,E11_VolumeBounce,"[-3,+3]",2007-06-25
DCTH,2007-06-25 13:30:01.377000,4.3,E11_VolumeBounce,"[-3,+3]",2007-06-25
ASTI,2007-07-03 13:30:01.503000,8.5001,E11_VolumeBounce,"[-3,+3]",2007-07-03
DCTH,2007-07-06 13:30:00.407000,4.34,E11_VolumeBounce,"[-3,+3]",2007-07-06
ASTI,2007-07-11 13:25:31.067000,9.34,E11_VolumeBounce,"[-3,+3]",2007-07-11
TACT,2007-07-16 13:30:00.583000,5.9,E11_VolumeBounce,"[-3,+3]",2007-07-16
ASTI,2007-07-19 13:30:00.827000,9.4,E11_VolumeBounce,"[-3,+3]",2007-07-19
ASTI,2007-07-24 13:12:22.003000,9.42,E11_VolumeBounce,"[-3,+3]",2007-07-24
DCTH,2007-07-26 13:30:00.363000,4.01,E11_VolumeBounce,"[-3,+3]",2007-07-26
ASTI,2007-07-30 13:30:01.613000,8.28,E11_VolumeBounce,"[-3,+3]",2007-07-30
DISCB,2007-07-31 13:30:01.423000,23.75,E11_VolumeBounce,"[-3,+3]",2007-07-31
ASTI,2007-08-02 13:28:00.303000,8.02,E11_VolumeBounce,"[-3,+3]",2007-08-02
DCTH,2007-08-02 13:55:09.220000,4.16,E11_VolumeBounce,"[-3,+3]",2007-08-02
ASTI,2007-08-07 13:30:00.767000,7.0,E11_VolumeBounce,"[-3,+3]",2007-08-07
DCTH,2007-08-09 13:30:00.617000,4.37,E11_VolumeBounce,"[-3,+3]",2007-08-09
ASTI,2007-08-16 13:30:00.673000,7.07,E11_VolumeBounce,"[-3,+3]",2007-08-16
DCTH,2007-08-21 13:30:35.247000,4.25,E11_VolumeBounce,"[-3,+3]",2007-08-21
ASTI,2007-08-23 13:30:02.353000,7.5999,E11_VolumeBounce,"[-3,+3]",2007-08-23
ASTI,2007-08-29 13:30:00.760000,7.78,E11_VolumeBounce,"[-3,+3]",2007-08-29
DCTH,2007-08-29 13:30:01.167000,4.21,E11_VolumeBounce,"[-3,+3]",2007-08-29
ATRC,2007-09-04 13:30:00.097000,10.25,E11_VolumeBounce,"[-3,+3]",2007-09-04
DCTH,2007-09-05 13:30:00.437000,4.1264,E11_VolumeBounce,"[-3,+3]",2007-09-05
ASTI,2007-09-11 13:30:00.797000,9.25,E11_VolumeBounce,"[-3,+3]",2007-09-11
DCTH,2007-09-20 13:30:01.570000,3.64,E11_VolumeBounce,"[-3,+3]",2007-09-20
AGM,2007-09-25 13:36:08.694000,31.55,E11_VolumeBounce,"[-3,+3]",2007-09-25
DCTH,2007-09-26 13:30:01.527000,3.4001,E11_VolumeBounce,"[-3,+3]",2007-09-26
ASTI,2007-10-01 13:30:00.220000,16.6201,E11_VolumeBounce,"[-3,+3]",2007-10-01
ASTI,2007-10-05 12:05:46.947000,16.5,E11_VolumeBounce,"[-3,+3]",2007-10-05
DCTH,2007-10-09 13:30:01.203000,3.3,E11_VolumeBounce,"[-3,+3]",2007-10-09
ASTI,2007-10-10 13:30:00.603000,15.5,E11_VolumeBounce,"[-3,+3]",2007-10-10
ASTI,2007-10-16 13:30:01.097000,15.04,E11_VolumeBounce,"[-3,+3]",2007-10-16
DCTH,2007-10-24 13:30:01.243000,1.42,E11_VolumeBounce,"[-3,+3]",2007-10-24
ASTI,2007-10-25 13:22:48.750000,17.33,E11_VolumeBounce,"[-3,+3]",2007-10-25
LPSN,2007-11-02 13:30:00.183000,5.77,E11_VolumeBounce,"[-3,+3]",2007-11-02
GRIL,2007-11-09 13:23:28.597000,5.25,E11_VolumeBounce,"[-3,+3]",2007-11-09
ASTI,2007-11-10 00:13:34.770000,18.92,E11_VolumeBounce,"[-3,+3]",2007-11-10
DCTH,2007-11-15 14:30:01.637000,1.17,E11_VolumeBounce,"[-3,+3]",2007-11-15
ASTI,2007-11-27 13:58:58.640000,13.7,E11_VolumeBounce,"[-3,+3]",2007-11-27
DCTH,2007-11-29 14:30:00.157000,1.86,E11_VolumeBounce,"[-3,+3]",2007-11-29
USNA,2007-12-04 14:28:02.413000,39.31,E11_VolumeBounce,"[-3,+3]",2007-12-04
CPSS,2007-12-04 14:30:00.040000,3.12,E11_VolumeBounce,"[-3,+3]",2007-12-04
ASTI,2007-12-07 13:33:17.237000,19.0,E11_VolumeBounce,"[-3,+3]",2007-12-07
GRIL,2007-12-10 14:30:01.547000,3.98,E11_VolumeBounce,"[-3,+3]",2007-12-10
ASTI,2007-12-13 00:00:24.637000,20.19,E11_VolumeBounce,"[-3,+3]",2007-12-13
ASTI,2007-12-18 00:16:35.683000,17.48,E11_VolumeBounce,"[-3,+3]",2007-12-18
GRIL,2007-12-18 14:30:02.657000,4.0,E11_VolumeBounce,"[-3,+3]",2007-12-18
DCTH,2007-12-19 14:30:02.680000,1.6505,E11_VolumeBounce,"[-3,+3]",2007-12-19
ASTI,2007-12-28 00:10:07.763000,21.0,E11_VolumeBounce,"[-3,+3]",2007-12-28
CRD.A,2007-12-31 14:37:41.364000,3.5,E11_VolumeBounce,"[-3,+3]",2007-12-31
ASTI,2008-01-08 00:50:56.583000,22.4,E11_VolumeBounce,"[-3,+3]",2008-01-08
DCTH,2008-01-08 14:30:02.177000,1.624,E11_VolumeBounce,"[-3,+3]",2008-01-08
DCTH,2008-01-15 14:30:02.820000,1.47,E11_VolumeBounce,"[-3,+3]",2008-01-15
ASTI,2008-01-22 09:34:09.403000,12.69,E11_VolumeBounce,"[-3,+3]",2008-01-22
DCTH,2008-01-25 14:30:01.667000,1.63,E11_VolumeBounce,"[-3,+3]",2008-01-25
ASTI,2008-01-31 14:06:55.877000,14.2601,E11_VolumeBounce,"[-3,+3]",2008-01-31
CRD.A,2008-01-31 14:53:58.459000,4.34,E11_VolumeBounce,"[-3,+3]",2008-01-31
DCTH,2008-02-01 14:55:13.333000,1.6047,E11_VolumeBounce,"[-3,+3]",2008-02-01
ASTI,2008-02-11 13:45:10.483000,14.51,E11_VolumeBounce,"[-3,+3]",2008-02-11
DCTH,2008-02-13 14:30:02.403000,1.5918,E11_VolumeBounce,"[-3,+3]",2008-02-13
ASTI,2008-02-25 14:30:02.800000,14.91,E11_VolumeBounce,"[-3,+3]",2008-02-25
DCTH,2008-02-26 13:12:36.167000,1.507,E11_VolumeBounce,"[-3,+3]",2008-02-26
GRIL,2008-03-03 15:21:44.643000,4.0,E11_VolumeBounce,"[-3,+3]",2008-03-03
ASTI,2008-03-05 14:26:44.857000,14.5,E11_VolumeBounce,"[-3,+3]",2008-03-05
LPSN,2008-03-07 14:30:00.043000,2.85,E11_VolumeBounce,"[-3,+3]",2008-03-07
DCTH,2008-03-07 14:30:02.153000,1.5279,E11_VolumeBounce,"[-3,+3]",2008-03-07
CRD.A,2008-03-11 13:40:59.779000,3.7,E11_VolumeBounce,"[-3,+3]",2008-03-11
IDT,2008-03-13 13:30:00.341000,3.73,E11_VolumeBounce,"[-3,+3]",2008-03-13
ASTI,2008-03-24 13:11:28.330000,8.84,E11_VolumeBounce,"[-3,+3]",2008-03-24
CRD.A,2008-03-26 13:40:04.065000,4.18,E11_VolumeBounce,"[-3,+3]",2008-03-26
DCTH,2008-04-08 13:40:37.187000,2.35,E11_VolumeBounce,"[-3,+3]",2008-04-08
ASTI,2008-04-16 12:00:49.877000,15.22,E11_VolumeBounce,"[-3,+3]",2008-04-16
DCTH,2008-04-17 13:30:03.510000,1.9009,E11_VolumeBounce,"[-3,+3]",2008-04-17
ASTI,2008-04-21 13:30:02.840000,15.5399,E11_VolumeBounce,"[-3,+3]",2008-04-21
TWIN,2008-04-22 12:31:16.503000,16.38,E11_VolumeBounce,"[-3,+3]",2008-04-22
DCTH,2008-04-25 13:30:00.320000,1.9658,E11_VolumeBounce,"[-3,+3]",2008-04-25
ASTI,2008-04-30 12:02:42.137000,16.3499,E11_VolumeBounce,"[-3,+3]",2008-04-30
DCTH,2008-05-01 13:30:01.400000,1.7951,E11_VolumeBounce,"[-3,+3]",2008-05-01
ASTI,2008-05-06 12:17:49.143000,14.45,E11_VolumeBounce,"[-3,+3]",2008-05-06
LPSN,2008-05-08 13:30:02.607000,2.52,E11_VolumeBounce,"[-3,+3]",2008-05-08
USNA,2008-05-09 13:30:03.630000,20.4,E11_VolumeBounce,"[-3,+3]",2008-05-09
DCTH,2008-05-15 12:16:51.237000,1.76,E11_VolumeBounce,"[-3,+3]",2008-05-15
DCTH,2008-05-23 13:32:08.140000,1.7472,E11_VolumeBounce,"[-3,+3]",2008-05-23
ASTI,2008-05-28 13:25:02.623000,13.37,E11_VolumeBounce,"[-3,+3]",2008-05-28
TACT,2008-05-29 13:30:01.617000,8.25,E11_VolumeBounce,"[-3,+3]",2008-05-29
DCTH,2008-06-03 13:43:36.563000,2.06,E11_VolumeBounce,"[-3,+3]",2008-06-03
ASTI,2008-06-05 11:53:10.007000,11.4175,E11_VolumeBounce,"[-3,+3]",2008-06-05
DCTH,2008-06-09 13:30:02.147000,2.2836,E11_VolumeBounce,"[-3,+3]",2008-06-09
DCTH,2008-06-12 13:30:03.830000,2.144,E11_VolumeBounce,"[-3,+3]",2008-06-12
ASTI,2008-06-13 12:30:01.027000,10.25,E11_VolumeBounce,"[-3,+3]",2008-06-13
MGPI,2008-06-27 13:30:00.690000,6.39,E11_VolumeBounce,"[-3,+3]",2008-06-27
ASTI,2008-07-08 13:30:00.617000,8.43,E11_VolumeBounce,"[-3,+3]",2008-07-08
CRD.A,2008-07-09 13:38:52.373000,6.43,E11_VolumeBounce,"[-3,+3]",2008-07-09
DCTH,2008-07-10 13:30:01.973000,2.15,E11_VolumeBounce,"[-3,+3]",2008-07-10
DCTH,2008-07-17 13:30:04.593000,2.13,E11_VolumeBounce,"[-3,+3]",2008-07-17
ASTI,2008-07-22 13:28:01.007000,9.25,E11_VolumeBounce,"[-3,+3]",2008-07-22
QDEL,2008-07-24 13:27:03.170000,19.0,E11_VolumeBounce,"[-3,+3]",2008-07-24
ASTI,2008-07-25 13:30:02.103000,8.59,E11_VolumeBounce,"[-3,+3]",2008-07-25
DCTH,2008-07-29 13:30:00.903000,2.0,E11_VolumeBounce,"[-3,+3]",2008-07-29
NAII,2008-07-29 13:45:07.057000,7.02,E11_VolumeBounce,"[-3,+3]",2008-07-29
DCTH,2008-08-04 13:37:13.630000,2.0,E11_VolumeBounce,"[-3,+3]",2008-08-04
PRFT,2008-08-11 13:30:03.220000,7.16,E11_VolumeBounce,"[-3,+3]",2008-08-11
ASTI,2008-08-13 13:30:01.713000,7.47,E11_VolumeBounce,"[-3,+3]",2008-08-13
DCTH,2008-08-14 13:31:14.193000,1.98,E11_VolumeBounce,"[-3,+3]",2008-08-14
VM,2008-08-18 13:31:53.010000,2.27,E11_VolumeBounce,"[-3,+3]",2008-08-18
DCTH,2008-08-27 13:32:12.083000,1.7586,E11_VolumeBounce,"[-3,+3]",2008-08-27
DCTH,2008-09-02 13:30:02.540000,1.94,E11_VolumeBounce,"[-3,+3]",2008-09-02
ASTI,2008-09-10 13:17:07.973000,6.65,E11_VolumeBounce,"[-3,+3]",2008-09-10
CPSS,2008-09-18 13:30:00.103000,1.52,E11_VolumeBounce,"[-3,+3]",2008-09-18
DCTH,2008-09-22 13:30:00.300000,1.48,E11_VolumeBounce,"[-3,+3]",2008-09-22
ASTI,2008-09-24 12:08:44.557000,7.175,E11_VolumeBounce,"[-3,+3]",2008-09-24
DCTH,2008-09-26 13:02:58.883000,1.54,E11_VolumeBounce,"[-3,+3]",2008-09-26
ASTI,2008-10-01 13:07:17.653000,6.15,E11_VolumeBounce,"[-3,+3]",2008-10-01
DCTH,2008-10-02 13:30:01.553000,1.37,E11_VolumeBounce,"[-3,+3]",2008-10-02
IDT,2008-10-06 13:30:01.677000,0.68,E11_VolumeBounce,"[-3,+3]",2008-10-06
TWER,2008-10-08 13:30:03.347000,0.86,E11_VolumeBounce,"[-3,+3]",2008-10-08
DCTH,2008-10-10 13:30:03.833000,1.08,E11_VolumeBounce,"[-3,+3]",2008-10-10
ASTI,2008-10-10 13:30:04.083000,3.75,E11_VolumeBounce,"[-3,+3]",2008-10-10
RCMT,2008-10-13 13:30:02.977000,1.24,E11_VolumeBounce,"[-3,+3]",2008-10-13
DCTH,2008-10-22 13:30:02.260000,1.06,E11_VolumeBounce,"[-3,+3]",2008-10-22
ASTI,2008-10-28 13:30:01.203000,3.8,E11_VolumeBounce,"[-3,+3]",2008-10-28
LPSN,2008-10-30 13:30:00.340000,1.5,E11_VolumeBounce,"[-3,+3]",2008-10-30
ATRC,2008-11-03 14:17:03.677000,3.85,E11_VolumeBounce,"[-3,+3]",2008-11-03
ASTI,2008-11-07 14:30:03.347000,5.23,E11_VolumeBounce,"[-3,+3]",2008-11-07
DCTH,2008-11-07 16:21:58.217000,1.03,E11_VolumeBounce,"[-3,+3]",2008-11-07
ASTI,2008-11-13 14:30:01.563000,3.7701,E11_VolumeBounce,"[-3,+3]",2008-11-13
DCTH,2008-11-14 14:47:06.267000,0.92,E11_VolumeBounce,"[-3,+3]",2008-11-14
ASTI,2008-11-21 14:30:00.350000,2.75,E11_VolumeBounce,"[-3,+3]",2008-11-21
GRIL,2008-11-24 15:08:46.777000,0.61,E11_VolumeBounce,"[-3,+3]",2008-11-24
DCTH,2008-11-25 14:30:02.017000,1.0,E11_VolumeBounce,"[-3,+3]",2008-11-25
ASTI,2008-12-02 14:30:02.713000,3.02,E11_VolumeBounce,"[-3,+3]",2008-12-02
RCMT,2008-12-04 14:30:04.153000,0.9,E11_VolumeBounce,"[-3,+3]",2008-12-04
NSSC,2008-12-10 15:00:32.120000,1.4,E11_VolumeBounce,"[-3,+3]",2008-12-10
ASTI,2008-12-12 13:00:04.790000,3.93,E11_VolumeBounce,"[-3,+3]",2008-12-12
VM,2008-12-22 09:15:09.161000,0.7101,E11_VolumeBounce,"[-3,+3]",2008-12-22
DCTH,2008-12-23 14:29:57.590000,1.07,E11_VolumeBounce,"[-3,+3]",2008-12-23
ASTI,2008-12-26 14:30:00.340000,3.59,E11_VolumeBounce,"[-3,+3]",2008-12-26
GRIL,2009-01-06 14:30:02.707000,0.46,E11_VolumeBounce,"[-3,+3]",2009-01-06
DCTH,2009-01-07 14:30:02.063000,1.33,E11_VolumeBounce,"[-3,+3]",2009-01-07
ASTI,2009-01-13 13:02:20.087000,3.5,E11_VolumeBounce,"[-3,+3]",2009-01-13
TWER,2009-01-16 14:30:03.853000,0.9,E11_VolumeBounce,"[-3,+3]",2009-01-16
DCTH,2009-01-20 14:52:29.607000,1.57,E11_VolumeBounce,"[-3,+3]",2009-01-20
ASTI,2009-01-21 14:30:01.180000,3.31,E11_VolumeBounce,"[-3,+3]",2009-01-21
ATRC,2009-01-21 16:53:41.963000,1.87,E11_VolumeBounce,"[-3,+3]",2009-01-21
ASTI,2009-02-02 14:30:01.487000,3.32,E11_VolumeBounce,"[-3,+3]",2009-02-02
DCTH,2009-02-04 15:05:44.600000,1.9,E11_VolumeBounce,"[-3,+3]",2009-02-04
DCTH,2009-02-11 15:45:30.937000,1.68,E11_VolumeBounce,"[-3,+3]",2009-02-11
ASTI,2009-02-20 14:30:01.587000,2.88,E11_VolumeBounce,"[-3,+3]",2009-02-20
IDT,2009-02-20 14:32:06.359000,0.32,E11_VolumeBounce,"[-3,+3]",2009-02-20
CPSS,2009-02-23 14:30:01.727000,0.32,E11_VolumeBounce,"[-3,+3]",2009-02-23
DCTH,2009-02-24 14:30:00.693000,1.45,E11_VolumeBounce,"[-3,+3]",2009-02-24
USNA,2009-02-24 14:30:01.717000,19.77,E11_VolumeBounce,"[-3,+3]",2009-02-24
ASTI,2009-03-04 14:30:00.677000,2.5208,E11_VolumeBounce,"[-3,+3]",2009-03-04
GRIL,2009-03-04 16:29:08.063000,0.35,E11_VolumeBounce,"[-3,+3]",2009-03-04
ASTI,2009-03-09 13:30:01.377000,2.45,E11_VolumeBounce,"[-3,+3]",2009-03-09
DCTH,2009-03-10 13:38:45.393000,1.24,E11_VolumeBounce,"[-3,+3]",2009-03-10
GRIL,2009-03-16 13:30:02.987000,0.2,E11_VolumeBounce,"[-3,+3]",2009-03-16
ASTI,2009-03-19 12:48:35.520000,3.19,E11_VolumeBounce,"[-3,+3]",2009-03-19
ASTI,2009-04-01 13:30:03.617000,4.11,E11_VolumeBounce,"[-3,+3]",2009-04-01
DCTH,2009-04-07 15:01:50.437000,1.76,E11_VolumeBounce,"[-3,+3]",2009-04-07
ASTI,2009-04-09 13:30:00.183000,4.2,E11_VolumeBounce,"[-3,+3]",2009-04-09
DCTH,2009-04-14 13:30:03.403000,2.0099,E11_VolumeBounce,"[-3,+3]",2009-04-14
DCTH,2009-04-27 13:20:24.253000,2.25,E11_VolumeBounce,"[-3,+3]",2009-04-27
ATRC,2009-05-04 13:30:02.763000,1.34,E11_VolumeBounce,"[-3,+3]",2009-05-04
ASTI,2009-05-14 12:52:11.703000,5.13,E11_VolumeBounce,"[-3,+3]",2009-05-14
CPSS,2009-05-14 13:30:00.320000,1.05,E11_VolumeBounce,"[-3,+3]",2009-05-14
DCTH,2009-05-15 13:30:02.977000,3.1,E11_VolumeBounce,"[-3,+3]",2009-05-15
ASTI,2009-05-26 13:30:00.290000,6.0,E11_VolumeBounce,"[-3,+3]",2009-05-26
DCTH,2009-05-26 13:30:03.300000,3.14,E11_VolumeBounce,"[-3,+3]",2009-05-26
ASTI,2009-05-29 13:30:01.083000,5.9701,E11_VolumeBounce,"[-3,+3]",2009-05-29
ASTI,2009-06-09 13:30:01.217000,7.2,E11_VolumeBounce,"[-3,+3]",2009-06-09
DCTH,2009-06-10 12:18:16.743000,3.4,E11_VolumeBounce,"[-3,+3]",2009-06-10
ASTI,2009-06-12 13:13:23.560000,7.36,E11_VolumeBounce,"[-3,+3]",2009-06-12
ASTI,2009-06-18 13:26:41.083000,7.0148,E11_VolumeBounce,"[-3,+3]",2009-06-18
DCTH,2009-06-19 13:29:59.587000,3.66,E11_VolumeBounce,"[-3,+3]",2009-06-19
ASTI,2009-06-24 13:30:00.877000,7.1,E11_VolumeBounce,"[-3,+3]",2009-06-24
DCTH,2009-06-25 13:30:00.403000,3.41,E11_VolumeBounce,"[-3,+3]",2009-06-25
DCTH,2009-07-09 13:30:01.390000,3.21,E11_VolumeBounce,"[-3,+3]",2009-07-09
ASTI,2009-07-13 13:30:02.613000,7.25,E11_VolumeBounce,"[-3,+3]",2009-07-13
DCTH,2009-07-15 13:30:00.910000,3.3001,E11_VolumeBounce,"[-3,+3]",2009-07-15
CPSS,2009-07-15 13:40:39.687000,0.53,E11_VolumeBounce,"[-3,+3]",2009-07-15
ASTI,2009-07-21 13:30:02.430000,7.9399,E11_VolumeBounce,"[-3,+3]",2009-07-21
DCTH,2009-07-22 13:30:00.347000,3.36,E11_VolumeBounce,"[-3,+3]",2009-07-22
CRD.A,2009-07-24 14:20:00.959000,3.45,E11_VolumeBounce,"[-3,+3]",2009-07-24
ASTI,2009-08-07 13:30:00.730000,7.56,E11_VolumeBounce,"[-3,+3]",2009-08-07
DCTH,2009-08-07 13:30:02.867000,3.19,E11_VolumeBounce,"[-3,+3]",2009-08-07
DCTH,2009-08-18 13:30:01.907000,2.75,E11_VolumeBounce,"[-3,+3]",2009-08-18
ASTI,2009-08-21 13:08:06.317000,5.6,E11_VolumeBounce,"[-3,+3]",2009-08-21
DCTH,2009-08-28 13:30:03.077000,3.0394,E11_VolumeBounce,"[-3,+3]",2009-08-28
ASTI,2009-08-31 13:30:01.703000,5.3999,E11_VolumeBounce,"[-3,+3]",2009-08-31
ASTI,2009-09-03 12:03:04.940000,5.6,E11_VolumeBounce,"[-3,+3]",2009-09-03
DCTH,2009-09-03 12:16:12.503000,3.35,E11_VolumeBounce,"[-3,+3]",2009-09-03
ATRC,2009-09-14 13:30:00.527000,4.5,E11_VolumeBounce,"[-3,+3]",2009-09-14
ASTI,2009-09-15 13:30:00.583000,6.0499,E11_VolumeBounce,"[-3,+3]",2009-09-15
RCMT,2009-09-15 13:30:01.673000,2.05,E11_VolumeBounce,"[-3,+3]",2009-09-15
MGPI,2009-09-23 13:30:22.330000,4.4305,E11_VolumeBounce,"[-3,+3]",2009-09-23
DCTH,2009-09-28 13:30:02.060000,5.05,E11_VolumeBounce,"[-3,+3]",2009-09-28
ASTI,2009-10-02 12:30:11.607000,6.18,E11_VolumeBounce,"[-3,+3]",2009-10-02
DCTH,2009-10-05 13:30:01.190000,4.88,E11_VolumeBounce,"[-3,+3]",2009-10-05
DCTH,2009-10-19 13:30:01.250000,5.85,E11_VolumeBounce,"[-3,+3]",2009-10-19
ASTI,2009-10-22 12:37:02.367000,6.37,E11_VolumeBounce,"[-3,+3]",2009-10-22
DCTH,2009-10-22 13:30:02.480000,5.75,E11_VolumeBounce,"[-3,+3]",2009-10-22
DCTH,2009-11-03 14:30:01.620000,4.49,E11_VolumeBounce,"[-3,+3]",2009-11-03
DCTH,2009-11-10 14:30:00.737000,4.6099,E11_VolumeBounce,"[-3,+3]",2009-11-10
ALF,2009-11-10 15:02:59.390000,24.96,E11_VolumeBounce,"[-3,+3]",2009-11-10
ASTI,2009-11-11 14:28:00.133000,4.76,E11_VolumeBounce,"[-3,+3]",2009-11-11
DCTH,2009-11-13 00:27:51.653000,3.8,E11_VolumeBounce,"[-3,+3]",2009-11-13
ASTI,2009-11-16 14:30:01.620000,4.85,E11_VolumeBounce,"[-3,+3]",2009-11-16
ASTI,2009-12-01 14:30:00.610000,4.62,E11_VolumeBounce,"[-3,+3]",2009-12-01
DCTH,2009-12-07 14:30:02.780000,5.26,E11_VolumeBounce,"[-3,+3]",2009-12-07
ASTI,2009-12-11 13:55:07.533000,4.9,E11_VolumeBounce,"[-3,+3]",2009-12-11
ASTI,2009-12-21 14:23:10.633000,4.918,E11_VolumeBounce,"[-3,+3]",2009-12-21
DCTH,2009-12-21 14:30:00.140000,4.9501,E11_VolumeBounce,"[-3,+3]",2009-12-21
ASTI,2010-01-05 14:30:00.440000,5.4699,E11_VolumeBounce,"[-3,+3]",2010-01-05
ASTI,2010-01-08 14:30:00.107000,5.72,E11_VolumeBounce,"[-3,+3]",2010-01-08
ASTI,2010-01-14 14:30:00.220000,5.5,E11_VolumeBounce,"[-3,+3]",2010-01-14
DCTH,2010-01-14 14:30:00.650000,5.69,E11_VolumeBounce,"[-3,+3]",2010-01-14
DCTH,2010-01-25 14:30:00.783000,4.67,E11_VolumeBounce,"[-3,+3]",2010-01-25
SBNY,2010-01-26 14:28:01.323000,33.7,E11_VolumeBounce,"[-3,+3]",2010-01-26
ASTI,2010-01-27 14:30:00.090000,4.5,E11_VolumeBounce,"[-3,+3]",2010-01-27
DCTH,2010-02-01 14:30:00.620000,4.27,E11_VolumeBounce,"[-3,+3]",2010-02-01
ASTI,2010-02-01 14:30:02.760000,4.45,E11_VolumeBounce,"[-3,+3]",2010-02-01
CADC,2010-02-09 14:28:13.850000,4.35,E11_VolumeBounce,"[-3,+3]",2010-02-09
DCTH,2010-02-11 14:30:00.240000,4.75,E11_VolumeBounce,"[-3,+3]",2010-02-11
ASTI,2010-02-11 14:30:00.320000,4.41,E11_VolumeBounce,"[-3,+3]",2010-02-11
DCTH,2010-02-19 14:30:01.160000,5.17,E11_VolumeBounce,"[-3,+3]",2010-02-19
DCTH,2010-02-24 14:29:55.260000,5.15,E11_VolumeBounce,"[-3,+3]",2010-02-24
ASTI,2010-03-02 13:41:10.927000,4.18,E11_VolumeBounce,"[-3,+3]",2010-03-02
DCTH,2010-03-05 14:30:00.853000,5.5,E11_VolumeBounce,"[-3,+3]",2010-03-05
CADC,2010-03-05 14:30:01.080000,5.0,E11_VolumeBounce,"[-3,+3]",2010-03-05
ASTI,2010-03-05 14:30:01.950000,4.17,E11_VolumeBounce,"[-3,+3]",2010-03-05
ASTI,2010-03-22 12:14:56.727000,3.3805,E11_VolumeBounce,"[-3,+3]",2010-03-22
ASTI,2010-03-29 13:30:00.773000,3.9,E11_VolumeBounce,"[-3,+3]",2010-03-29
DCTH,2010-04-07 12:05:32.897000,8.4601,E11_VolumeBounce,"[-3,+3]",2010-04-07
ASTI,2010-04-07 13:28:00.103000,3.8,E11_VolumeBounce,"[-3,+3]",2010-04-07
ASTI,2010-04-13 12:58:04.280000,3.93,E11_VolumeBounce,"[-3,+3]",2010-04-13
DCTH,2010-04-14 13:27:39.753000,9.7,E11_VolumeBounce,"[-3,+3]",2010-04-14
ASTI,2010-04-19 12:00:05.350000,4.0,E11_VolumeBounce,"[-3,+3]",2010-04-19
DCTH,2010-04-19 13:30:01.100000,9.6,E11_VolumeBounce,"[-3,+3]",2010-04-19
ASTI,2010-04-28 13:30:01.793000,3.84,E11_VolumeBounce,"[-3,+3]",2010-04-28
ASTI,2010-05-10 13:28:00.100000,3.3401,E11_VolumeBounce,"[-3,+3]",2010-05-10
DCTH,2010-05-12 13:09:56.217000,13.35,E11_VolumeBounce,"[-3,+3]",2010-05-12
ASTI,2010-05-19 13:30:00.577000,3.38,E11_VolumeBounce,"[-3,+3]",2010-05-19
DCTH,2010-05-21 12:16:49.613000,12.88,E11_VolumeBounce,"[-3,+3]",2010-05-21
ATRC,2010-05-21 13:30:01.440000,4.89,E11_VolumeBounce,"[-3,+3]",2010-05-21
ASTI,2010-06-02 13:30:00.433000,3.2,E11_VolumeBounce,"[-3,+3]",2010-06-02
ASTI,2010-06-08 13:30:00.733000,3.04,E11_VolumeBounce,"[-3,+3]",2010-06-08
DCTH,2010-06-10 12:04:27.873000,8.95,E11_VolumeBounce,"[-3,+3]",2010-06-10
ASTI,2010-06-11 13:30:00.087000,3.04,E11_VolumeBounce,"[-3,+3]",2010-06-11
DCTH,2010-06-17 12:03:12.513000,9.07,E11_VolumeBounce,"[-3,+3]",2010-06-17
DCTH,2010-06-25 12:04:11.013000,7.6001,E11_VolumeBounce,"[-3,+3]",2010-06-25
IDT,2010-06-28 13:29:45.908000,9.9408,E11_VolumeBounce,"[-3,+3]",2010-06-28
ASTI,2010-06-28 13:30:00.243000,2.65,E11_VolumeBounce,"[-3,+3]",2010-06-28
DCTH,2010-07-07 13:30:00.787000,5.7,E11_VolumeBounce,"[-3,+3]",2010-07-07
ASTI,2010-07-14 13:30:00.500000,2.64,E11_VolumeBounce,"[-3,+3]",2010-07-14
ASTI,2010-07-19 13:30:00.773000,2.42,E11_VolumeBounce,"[-3,+3]",2010-07-19
DCTH,2010-07-20 11:44:30.533000,6.81,E11_VolumeBounce,"[-3,+3]",2010-07-20
DCTH,2010-07-29 12:14:41.440000,8.27,E11_VolumeBounce,"[-3,+3]",2010-07-29
NSSC,2010-08-02 13:30:00.510000,1.98,E11_VolumeBounce,"[-3,+3]",2010-08-02
ASTI,2010-08-03 12:52:14.843000,2.76,E11_VolumeBounce,"[-3,+3]",2010-08-03
ASTI,2010-08-13 13:30:00.927000,2.3,E11_VolumeBounce,"[-3,+3]",2010-08-13
PRFT,2010-08-17 13:30:00.677000,8.45,E11_VolumeBounce,"[-3,+3]",2010-08-17
DCTH,2010-08-19 13:26:59.930000,6.2,E11_VolumeBounce,"[-3,+3]",2010-08-19
ASTI,2010-08-24 13:30:00.440000,2.09,E11_VolumeBounce,"[-3,+3]",2010-08-24
DCTH,2010-08-25 12:01:52.090000,5.5,E11_VolumeBounce,"[-3,+3]",2010-08-25
MGPI,2010-08-31 13:30:00.167000,6.5,E11_VolumeBounce,"[-3,+3]",2010-08-31
ASTI,2010-09-13 11:01:35.910000,3.13,E11_VolumeBounce,"[-3,+3]",2010-09-13
BSFT,2010-09-13 13:30:00.370000,8.27,E11_VolumeBounce,"[-3,+3]",2010-09-13
DCTH,2010-09-13 13:30:00.520000,6.73,E11_VolumeBounce,"[-3,+3]",2010-09-13
DCTH,2010-09-16 13:30:00.603000,6.7702,E11_VolumeBounce,"[-3,+3]",2010-09-16
ASTI,2010-09-24 13:30:00.767000,3.0,E11_VolumeBounce,"[-3,+3]",2010-09-24
CPSS,2010-09-27 14:28:09.170000,0.87,E11_VolumeBounce,"[-3,+3]",2010-09-27
DCTH,2010-09-28 12:00:35.267000,7.4563,E11_VolumeBounce,"[-3,+3]",2010-09-28
DCTH,2010-10-01 13:28:00.170000,7.27,E11_VolumeBounce,"[-3,+3]",2010-10-01
CRD.A,2010-10-05 15:17:05.104000,2.1767,E11_VolumeBounce,"[-3,+3]",2010-10-05
ASTI,2010-10-08 13:30:00.210000,3.4,E11_VolumeBounce,"[-3,+3]",2010-10-08
ASTI,2010-10-18 12:06:39.773000,4.6099,E11_VolumeBounce,"[-3,+3]",2010-10-18
DCTH,2010-10-20 12:22:18.850000,8.1399,E11_VolumeBounce,"[-3,+3]",2010-10-20
ASTI,2010-10-22 13:30:00.050000,4.3392,E11_VolumeBounce,"[-3,+3]",2010-10-22
ASTI,2010-10-27 12:00:00.673000,4.95,E11_VolumeBounce,"[-3,+3]",2010-10-27
DCTH,2010-11-02 12:46:16.743000,8.02,E11_VolumeBounce,"[-3,+3]",2010-11-02
TWER,2010-11-05 12:36:19.847000,3.1299,E11_VolumeBounce,"[-3,+3]",2010-11-05
ASTI,2010-11-05 13:28:00.060000,4.4,E11_VolumeBounce,"[-3,+3]",2010-11-05
DCTH,2010-11-17 13:13:31.737000,9.72,E11_VolumeBounce,"[-3,+3]",2010-11-17
ASTI,2010-11-22 14:30:00.303000,3.4801,E11_VolumeBounce,"[-3,+3]",2010-11-22
DCTH,2010-11-24 14:30:00.823000,9.95,E11_VolumeBounce,"[-3,+3]",2010-11-24
ASTI,2010-12-02 14:30:00.787000,3.265,E11_VolumeBounce,"[-3,+3]",2010-12-02
DCTH,2010-12-06 13:19:21.273000,10.0,E11_VolumeBounce,"[-3,+3]",2010-12-06
DCTH,2010-12-09 13:41:00.760000,10.43,E11_VolumeBounce,"[-3,+3]",2010-12-09
USNA,2010-12-15 14:30:00.127000,43.83,E11_VolumeBounce,"[-3,+3]",2010-12-15
BSFT,2010-12-16 00:07:54.217000,22.55,E11_VolumeBounce,"[-3,+3]",2010-12-16
ASTI,2010-12-21 14:30:00.237000,3.3499,E11_VolumeBounce,"[-3,+3]",2010-12-21
ASTI,2010-12-28 13:22:25.460000,3.39,E11_VolumeBounce,"[-3,+3]",2010-12-28
DCTH,2011-01-03 14:30:00.307000,9.91,E11_VolumeBounce,"[-3,+3]",2011-01-03
DCTH,2011-01-11 13:54:58.487000,9.25,E11_VolumeBounce,"[-3,+3]",2011-01-11
ASTI,2011-01-11 14:30:00.640000,3.73,E11_VolumeBounce,"[-3,+3]",2011-01-11
ASTI,2011-01-18 14:30:00.547000,3.5701,E11_VolumeBounce,"[-3,+3]",2011-01-18
TPX,2011-01-21 00:24:47.184000,40.65,E11_VolumeBounce,"[-3,+3]",2011-01-21
ASTI,2011-01-24 13:31:41.967000,3.39,E11_VolumeBounce,"[-3,+3]",2011-01-24
DCTH,2011-01-25 13:25:47.440000,8.82,E11_VolumeBounce,"[-3,+3]",2011-01-25
DCTH,2011-01-29 00:39:01.810000,9.4,E11_VolumeBounce,"[-3,+3]",2011-01-29
LPSN,2011-02-11 13:11:51.217000,10.19,E11_VolumeBounce,"[-3,+3]",2011-02-11
ASTI,2011-02-11 14:30:00.080000,3.35,E11_VolumeBounce,"[-3,+3]",2011-02-11
NSSC,2011-02-14 14:30:17.540000,2.11,E11_VolumeBounce,"[-3,+3]",2011-02-14
DCTH,2011-02-15 14:30:00.187000,10.71,E11_VolumeBounce,"[-3,+3]",2011-02-15
DCTH,2011-02-25 00:49:02.920000,6.16,E11_VolumeBounce,"[-3,+3]",2011-02-25
ASTI,2011-02-25 14:30:00.420000,3.34,E11_VolumeBounce,"[-3,+3]",2011-02-25
DCTH,2011-03-04 00:27:59.637000,6.43,E11_VolumeBounce,"[-3,+3]",2011-03-04
ASTI,2011-03-09 14:30:00.607000,2.61,E11_VolumeBounce,"[-3,+3]",2011-03-09
DCTH,2011-03-11 13:53:10.297000,6.48,E11_VolumeBounce,"[-3,+3]",2011-03-11
ASTI,2011-03-15 11:44:58.457000,2.82,E11_VolumeBounce,"[-3,+3]",2011-03-15
ASTI,2011-03-21 13:30:00.597000,2.7,E11_VolumeBounce,"[-3,+3]",2011-03-21
DCTH,2011-03-23 13:30:00.120000,6.73,E11_VolumeBounce,"[-3,+3]",2011-03-23
NSSC,2011-03-24 13:30:00.700000,2.25,E11_VolumeBounce,"[-3,+3]",2011-03-24
CRD.A,2011-03-29 13:30:01.619000,3.35,E11_VolumeBounce,"[-3,+3]",2011-03-29
ASTI,2011-04-06 13:30:00.067000,1.7401,E11_VolumeBounce,"[-3,+3]",2011-04-06
DCTH,2011-04-12 11:40:42.310000,7.05,E11_VolumeBounce,"[-3,+3]",2011-04-12
DCTH,2011-04-29 13:30:00.370000,6.95,E11_VolumeBounce,"[-3,+3]",2011-04-29
ASTI,2011-04-29 13:30:00.777000,1.6932,E11_VolumeBounce,"[-3,+3]",2011-04-29
ATRC,2011-05-04 13:30:00.060000,12.0,E11_VolumeBounce,"[-3,+3]",2011-05-04
DCTH,2011-05-10 13:30:00.213000,6.5,E11_VolumeBounce,"[-3,+3]",2011-05-10
ASTI,2011-05-13 13:30:00.190000,1.56,E11_VolumeBounce,"[-3,+3]",2011-05-13
DCTH,2011-05-20 13:30:00.053000,5.85,E11_VolumeBounce,"[-3,+3]",2011-05-20
DCTH,2011-06-06 13:30:00.507000,5.25,E11_VolumeBounce,"[-3,+3]",2011-06-06
ASTI,2011-06-09 13:30:00.397000,1.14,E11_VolumeBounce,"[-3,+3]",2011-06-09
DCTH,2011-06-09 13:30:00.720000,5.2201,E11_VolumeBounce,"[-3,+3]",2011-06-09
BSFT,2011-06-14 13:06:26.067000,35.18,E11_VolumeBounce,"[-3,+3]",2011-06-14
DCTH,2011-06-14 13:30:00.247000,5.07,E11_VolumeBounce,"[-3,+3]",2011-06-14
ATRC,2011-06-24 13:30:00.200000,12.45,E11_VolumeBounce,"[-3,+3]",2011-06-24
MGPI,2011-06-24 13:30:00.450000,8.08,E11_VolumeBounce,"[-3,+3]",2011-06-24
DCTH,2011-06-27 13:30:00.503000,5.2238,E11_VolumeBounce,"[-3,+3]",2011-06-27
DCTH,2011-07-01 13:30:00.590000,5.16,E11_VolumeBounce,"[-3,+3]",2011-07-01
ASTI,2011-07-01 13:30:00.667000,1.06,E11_VolumeBounce,"[-3,+3]",2011-07-01
TWER,2011-07-15 11:29:20.803000,4.1,E11_VolumeBounce,"[-3,+3]",2011-07-15
ASTI,2011-07-15 13:30:00.583000,1.0,E11_VolumeBounce,"[-3,+3]",2011-07-15
DCTH,2011-07-19 12:42:12.087000,5.05,E11_VolumeBounce,"[-3,+3]",2011-07-19
CADC,2011-07-22 13:30:00.187000,1.92,E11_VolumeBounce,"[-3,+3]",2011-07-22
ASTI,2011-07-22 13:30:00.247000,0.9311,E11_VolumeBounce,"[-3,+3]",2011-07-22
DCTH,2011-07-22 13:30:00.683000,5.1,E11_VolumeBounce,"[-3,+3]",2011-07-22
ASTI,2011-07-29 13:30:00.410000,0.91,E11_VolumeBounce,"[-3,+3]",2011-07-29
DCTH,2011-08-01 13:28:14.430000,4.5799,E11_VolumeBounce,"[-3,+3]",2011-08-01
LPSN,2011-08-04 09:53:08.363000,11.55,E11_VolumeBounce,"[-3,+3]",2011-08-04
ASTI,2011-08-05 12:52:00.907000,0.69,E11_VolumeBounce,"[-3,+3]",2011-08-05
DCTH,2011-08-09 13:29:05.240000,3.21,E11_VolumeBounce,"[-3,+3]",2011-08-09
ASTI,2011-08-12 13:30:00.607000,0.7348,E11_VolumeBounce,"[-3,+3]",2011-08-12
DCTH,2011-08-17 13:30:00.250000,3.97,E11_VolumeBounce,"[-3,+3]",2011-08-17
ASTI,2011-08-23 13:30:00.583000,0.86,E11_VolumeBounce,"[-3,+3]",2011-08-23
DCTH,2011-08-23 13:30:00.617000,3.7749,E11_VolumeBounce,"[-3,+3]",2011-08-23
DCTH,2011-08-29 13:30:00.320000,3.4798,E11_VolumeBounce,"[-3,+3]",2011-08-29
DCTH,2011-09-02 12:00:00.733000,3.65,E11_VolumeBounce,"[-3,+3]",2011-09-02
DCTH,2011-09-12 12:11:59.610000,3.68,E11_VolumeBounce,"[-3,+3]",2011-09-12
DCTH,2011-09-23 13:07:11.753000,3.44,E11_VolumeBounce,"[-3,+3]",2011-09-23
ASTI,2011-09-26 13:30:00.330000,0.8006,E11_VolumeBounce,"[-3,+3]",2011-09-26
NSSC,2011-09-26 13:30:00.477000,2.3,E11_VolumeBounce,"[-3,+3]",2011-09-26
ASTI,2011-09-29 13:30:00.087000,0.7669,E11_VolumeBounce,"[-3,+3]",2011-09-29
DCTH,2011-10-04 13:30:00.380000,3.1266,E11_VolumeBounce,"[-3,+3]",2011-10-04
DCTH,2011-10-13 13:30:00.307000,3.545,E11_VolumeBounce,"[-3,+3]",2011-10-13
DCTH,2011-10-18 12:12:37.933000,3.36,E11_VolumeBounce,"[-3,+3]",2011-10-18
DCTH,2011-10-24 13:30:00.357000,3.39,E11_VolumeBounce,"[-3,+3]",2011-10-24
DCTH,2011-11-03 12:53:38.720000,3.4401,E11_VolumeBounce,"[-3,+3]",2011-11-03
DCTH,2011-11-11 14:28:15.050000,3.26,E11_VolumeBounce,"[-3,+3]",2011-11-11
DCTH,2011-11-16 14:30:00.403000,3.1,E11_VolumeBounce,"[-3,+3]",2011-11-16
NSSC,2011-11-18 15:20:07.657000,2.26,E11_VolumeBounce,"[-3,+3]",2011-11-18
DCTH,2011-11-28 14:17:35.923000,2.43,E11_VolumeBounce,"[-3,+3]",2011-11-28
DCTH,2011-12-05 14:30:00.500000,2.56,E11_VolumeBounce,"[-3,+3]",2011-12-05
ASTI,2011-12-07 14:30:00.223000,0.665,E11_VolumeBounce,"[-3,+3]",2011-12-07
DCTH,2011-12-09 13:49:23.197000,2.39,E11_VolumeBounce,"[-3,+3]",2011-12-09
PRFT,2011-12-09 14:30:00.383000,7.52,E11_VolumeBounce,"[-3,+3]",2011-12-09
ASTI,2011-12-12 14:30:00.283000,0.62,E11_VolumeBounce,"[-3,+3]",2011-12-12
DCTH,2012-01-03 14:30:00.120000,3.24,E11_VolumeBounce,"[-3,+3]",2012-01-03
ASTI,2012-01-03 14:30:00.260000,0.42,E11_VolumeBounce,"[-3,+3]",2012-01-03
ASTI,2012-01-11 14:30:00.450000,0.56,E11_VolumeBounce,"[-3,+3]",2012-01-11
DCTH,2012-01-18 13:18:48.203000,3.48,E11_VolumeBounce,"[-3,+3]",2012-01-18
DCTH,2012-01-25 00:33:26.550000,3.93,E11_VolumeBounce,"[-3,+3]",2012-01-25
ASTI,2012-02-01 14:30:00.120000,0.8,E11_VolumeBounce,"[-3,+3]",2012-02-01
ASTI,2012-02-07 14:30:00.520000,0.895,E11_VolumeBounce,"[-3,+3]",2012-02-07
QDEL,2012-02-08 14:30:00.560000,14.35,E11_VolumeBounce,"[-3,+3]",2012-02-08
DCTH,2012-02-10 14:30:00.203000,4.12,E11_VolumeBounce,"[-3,+3]",2012-02-10
TACT,2012-02-10 14:30:00.607000,7.14,E11_VolumeBounce,"[-3,+3]",2012-02-10
ASTI,2012-02-15 14:30:00.297000,0.83,E11_VolumeBounce,"[-3,+3]",2012-02-15
RCMT,2012-02-16 14:30:00.083000,5.6,E11_VolumeBounce,"[-3,+3]",2012-02-16
ASTI,2012-02-27 14:30:00.523000,0.7501,E11_VolumeBounce,"[-3,+3]",2012-02-27
BSFT,2012-03-01 00:37:39.453000,36.79,E11_VolumeBounce,"[-3,+3]",2012-03-01
ASTI,2012-03-02 14:30:00.063000,0.83,E11_VolumeBounce,"[-3,+3]",2012-03-02
ASTI,2012-03-08 14:30:00.237000,0.765,E11_VolumeBounce,"[-3,+3]",2012-03-08
DCTH,2012-03-20 12:00:32.490000,3.27,E11_VolumeBounce,"[-3,+3]",2012-03-20
DCTH,2012-03-23 13:30:00.297000,3.15,E11_VolumeBounce,"[-3,+3]",2012-03-23
ASTI,2012-03-29 13:02:59.683000,0.63,E11_VolumeBounce,"[-3,+3]",2012-03-29
DCTH,2012-03-30 13:22:53.477000,3.1001,E11_VolumeBounce,"[-3,+3]",2012-03-30
ASTI,2012-04-03 13:39:33.097000,0.6297,E11_VolumeBounce,"[-3,+3]",2012-04-03
DCTH,2012-04-11 13:30:00.223000,2.98,E11_VolumeBounce,"[-3,+3]",2012-04-11
DCTH,2012-04-23 13:29:05.163000,2.53,E11_VolumeBounce,"[-3,+3]",2012-04-23
ASTI,2012-04-26 13:30:00.070000,0.6759,E11_VolumeBounce,"[-3,+3]",2012-04-26
DCTH,2012-04-30 13:30:00.190000,2.72,E11_VolumeBounce,"[-3,+3]",2012-04-30
DCTH,2012-05-04 13:30:00.157000,2.7,E11_VolumeBounce,"[-3,+3]",2012-05-04
ASTI,2012-05-14 13:30:00.469000,0.56,E11_VolumeBounce,"[-3,+3]",2012-05-14
NSSC,2012-05-15 13:29:55.559000,2.76,E11_VolumeBounce,"[-3,+3]",2012-05-15
DCTH,2012-05-21 13:30:00.432000,2.0,E11_VolumeBounce,"[-3,+3]",2012-05-21
DCTH,2012-06-04 13:30:00.616000,1.44,E11_VolumeBounce,"[-3,+3]",2012-06-04
DCTH,2012-06-12 13:07:37.244000,1.43,E11_VolumeBounce,"[-3,+3]",2012-06-12
DCTH,2012-06-22 13:29:55.235000,1.47,E11_VolumeBounce,"[-3,+3]",2012-06-22
ASTI,2012-06-27 13:30:00.356000,0.7875,E11_VolumeBounce,"[-3,+3]",2012-06-27
DCTH,2012-07-19 13:30:00.247000,1.8101,E11_VolumeBounce,"[-3,+3]",2012-07-19
DCTH,2012-07-26 13:22:15.492000,1.7499,E11_VolumeBounce,"[-3,+3]",2012-07-26
ASTI,2012-07-27 13:30:00.221000,0.97,E11_VolumeBounce,"[-3,+3]",2012-07-27
DCTH,2012-08-02 13:14:52.512000,1.681,E11_VolumeBounce,"[-3,+3]",2012-08-02
ATRC,2012-08-03 12:38:23.784000,6.77,E11_VolumeBounce,"[-3,+3]",2012-08-03
ASTI,2012-08-17 13:03:23.423000,1.69,E11_VolumeBounce,"[-3,+3]",2012-08-17
DCTH,2012-08-22 13:30:00.212000,1.8989,E11_VolumeBounce,"[-3,+3]",2012-08-22
DCTH,2012-08-28 12:37:10.773000,1.91,E11_VolumeBounce,"[-3,+3]",2012-08-28
ASTI,2012-08-31 13:30:00.157000,1.62,E11_VolumeBounce,"[-3,+3]",2012-08-31
DCTH,2012-09-04 12:00:00.805000,1.9,E11_VolumeBounce,"[-3,+3]",2012-09-04
DCTH,2012-09-07 13:30:00.131000,1.75,E11_VolumeBounce,"[-3,+3]",2012-09-07
CADC,2012-09-07 13:30:00.535000,0.47,E11_VolumeBounce,"[-3,+3]",2012-09-07
TACT,2012-09-10 13:30:00.498000,7.268,E11_VolumeBounce,"[-3,+3]",2012-09-10
NSSC,2012-09-12 13:30:00.040000,3.01,E11_VolumeBounce,"[-3,+3]",2012-09-12
DCTH,2012-09-12 13:30:00.500000,1.68,E11_VolumeBounce,"[-3,+3]",2012-09-12
ASTI,2012-10-08 13:30:00.048000,1.0699,E11_VolumeBounce,"[-3,+3]",2012-10-08
DCTH,2012-10-16 12:00:00.431000,1.72,E11_VolumeBounce,"[-3,+3]",2012-10-16
ASTI,2012-10-22 12:40:54.054000,1.08,E11_VolumeBounce,"[-3,+3]",2012-10-22
DCTH,2012-10-25 13:30:00.270000,1.6799,E11_VolumeBounce,"[-3,+3]",2012-10-25
ASTI,2012-10-31 13:30:00.183000,0.815,E11_VolumeBounce,"[-3,+3]",2012-10-31
DCTH,2012-11-06 14:30:00.335000,1.68,E11_VolumeBounce,"[-3,+3]",2012-11-06
LPSN,2012-11-07 00:07:41.596000,12.4,E11_VolumeBounce,"[-3,+3]",2012-11-07
ASTI,2012-11-12 14:30:00.520000,0.8712,E11_VolumeBounce,"[-3,+3]",2012-11-12
DCTH,2012-11-14 12:11:06.822000,1.18,E11_VolumeBounce,"[-3,+3]",2012-11-14
ASTI,2012-11-16 14:36:48.750000,0.78,E11_VolumeBounce,"[-3,+3]",2012-11-16
MGPI,2012-11-19 14:33:08.147000,3.57,E11_VolumeBounce,"[-3,+3]",2012-11-19
ASTI,2012-11-27 14:51:17.339000,0.74,E11_VolumeBounce,"[-3,+3]",2012-11-27
PRFT,2012-12-04 14:30:00.267000,10.8,E11_VolumeBounce,"[-3,+3]",2012-12-04
DCTH,2012-12-06 00:24:08.484000,1.319,E11_VolumeBounce,"[-3,+3]",2012-12-06
TACT,2012-12-06 14:28:00.090000,7.4,E11_VolumeBounce,"[-3,+3]",2012-12-06
ASTI,2012-12-07 14:30:00.164000,0.8,E11_VolumeBounce,"[-3,+3]",2012-12-07
DCTH,2012-12-11 14:30:00.045000,1.2899,E11_VolumeBounce,"[-3,+3]",2012-12-11
ASTI,2012-12-12 14:30:00.161000,0.8801,E11_VolumeBounce,"[-3,+3]",2012-12-12
DCTH,2012-12-14 14:30:00.241000,1.2999,E11_VolumeBounce,"[-3,+3]",2012-12-14
DCTH,2012-12-24 14:30:00.431000,1.25,E11_VolumeBounce,"[-3,+3]",2012-12-24
ASTI,2012-12-31 14:30:00.586000,0.62,E11_VolumeBounce,"[-3,+3]",2012-12-31
ASTI,2013-01-14 13:00:01.118000,0.6551,E11_VolumeBounce,"[-3,+3]",2013-01-14
ATRC,2013-01-16 09:00:01.406000,7.55,E11_VolumeBounce,"[-3,+3]",2013-01-16
ASTI,2013-01-18 12:59:52.824000,0.66,E11_VolumeBounce,"[-3,+3]",2013-01-18
DCTH,2013-01-22 14:30:00.223000,1.4399,E11_VolumeBounce,"[-3,+3]",2013-01-22
ASTI,2013-01-31 14:30:00.550000,0.66,E11_VolumeBounce,"[-3,+3]",2013-01-31
CPSS,2013-02-08 14:30:00.048000,8.788,E11_VolumeBounce,"[-3,+3]",2013-02-08
DCTH,2013-02-11 13:34:44.137000,1.47,E11_VolumeBounce,"[-3,+3]",2013-02-11
NAII,2013-02-13 00:03:29.418000,4.75,E11_VolumeBounce,"[-3,+3]",2013-02-13
DCTH,2013-02-21 14:14:56.058000,1.51,E11_VolumeBounce,"[-3,+3]",2013-02-21
DCTH,2013-02-27 00:19:38.722000,1.48,E11_VolumeBounce,"[-3,+3]",2013-02-27
ASTI,2013-03-05 14:30:00.150000,0.67,E11_VolumeBounce,"[-3,+3]",2013-03-05
ASTI,2013-03-13 13:30:00.352000,0.6101,E11_VolumeBounce,"[-3,+3]",2013-03-13
DCTH,2013-03-18 11:49:29.588000,1.73,E11_VolumeBounce,"[-3,+3]",2013-03-18
ASTI,2013-03-20 13:30:00.733000,0.536,E11_VolumeBounce,"[-3,+3]",2013-03-20
DCTH,2013-03-28 12:00:01.114000,1.66,E11_VolumeBounce,"[-3,+3]",2013-03-28
ASTI,2013-04-05 13:30:00.187000,0.57,E11_VolumeBounce,"[-3,+3]",2013-04-05
DCTH,2013-04-10 12:07:55.933000,1.547,E11_VolumeBounce,"[-3,+3]",2013-04-10
ASTI,2013-04-15 13:30:00.599000,0.61,E11_VolumeBounce,"[-3,+3]",2013-04-15
DCTH,2013-04-22 12:00:01.185000,1.4399,E11_VolumeBounce,"[-3,+3]",2013-04-22
ASTI,2013-04-23 13:30:00.014000,0.5749,E11_VolumeBounce,"[-3,+3]",2013-04-23
DCTH,2013-05-03 11:26:54.727000,0.395,E11_VolumeBounce,"[-3,+3]",2013-05-03
ASTI,2013-05-08 13:30:00.293000,0.6299,E11_VolumeBounce,"[-3,+3]",2013-05-08
DCTH,2013-05-13 13:30:00.408000,0.4418,E11_VolumeBounce,"[-3,+3]",2013-05-13
NSSC,2013-05-15 13:42:47.654000,4.3,E11_VolumeBounce,"[-3,+3]",2013-05-15
DCTH,2013-05-17 13:30:00.302000,0.4099,E11_VolumeBounce,"[-3,+3]",2013-05-17
DCTH,2013-05-23 12:00:00.728000,0.41,E11_VolumeBounce,"[-3,+3]",2013-05-23
DCTH,2013-06-04 13:30:00.509000,0.3963,E11_VolumeBounce,"[-3,+3]",2013-06-04
ASTI,2013-06-06 13:30:00.247000,0.74,E11_VolumeBounce,"[-3,+3]",2013-06-06
DCTH,2013-06-10 13:30:00.007000,0.3824,E11_VolumeBounce,"[-3,+3]",2013-06-10
ASTI,2013-06-17 13:30:00.203000,0.75,E11_VolumeBounce,"[-3,+3]",2013-06-17
DCTH,2013-06-20 13:30:00.338000,0.452,E11_VolumeBounce,"[-3,+3]",2013-06-20
ASTI,2013-06-26 13:30:00.542000,0.7303,E11_VolumeBounce,"[-3,+3]",2013-06-26
DCTH,2013-07-01 13:30:00.284000,0.3949,E11_VolumeBounce,"[-3,+3]",2013-07-01
DCTH,2013-07-08 13:30:00.669000,0.3999,E11_VolumeBounce,"[-3,+3]",2013-07-08
ASTI,2013-07-15 13:30:00.061000,1.0,E11_VolumeBounce,"[-3,+3]",2013-07-15
DCTH,2013-07-16 13:30:00.204000,0.3725,E11_VolumeBounce,"[-3,+3]",2013-07-16
DCTH,2013-07-19 12:55:40.644000,0.3875,E11_VolumeBounce,"[-3,+3]",2013-07-19
TPX,2013-07-26 12:00:43.514000,37.1,E11_VolumeBounce,"[-3,+3]",2013-07-26
DCTH,2013-08-01 13:30:00.718000,0.4074,E11_VolumeBounce,"[-3,+3]",2013-08-01
BSFT,2013-08-05 13:30:00.654000,29.5,E11_VolumeBounce,"[-3,+3]",2013-08-05
ASTI,2013-08-09 11:45:13.559000,0.83,E11_VolumeBounce,"[-3,+3]",2013-08-09
DCTH,2013-08-15 13:30:00.514000,0.3475,E11_VolumeBounce,"[-3,+3]",2013-08-15
DCTH,2013-08-20 13:30:00.377000,0.3384,E11_VolumeBounce,"[-3,+3]",2013-08-20
DCTH,2013-08-23 13:30:00.616000,0.3356,E11_VolumeBounce,"[-3,+3]",2013-08-23
DCTH,2013-08-28 13:30:00.315000,0.3121,E11_VolumeBounce,"[-3,+3]",2013-08-28
ASTI,2013-08-28 13:30:00.667000,0.77,E11_VolumeBounce,"[-3,+3]",2013-08-28
DCTH,2013-09-05 13:30:00.048000,0.3863,E11_VolumeBounce,"[-3,+3]",2013-09-05
ASTI,2013-09-11 13:30:00.378000,0.8,E11_VolumeBounce,"[-3,+3]",2013-09-11
DCTH,2013-09-13 11:07:28.145000,0.315,E11_VolumeBounce,"[-3,+3]",2013-09-13
DCTH,2013-09-25 13:30:00.475000,0.305,E11_VolumeBounce,"[-3,+3]",2013-09-25
ASTI,2013-09-25 13:30:00.604000,0.771,E11_VolumeBounce,"[-3,+3]",2013-09-25
ASTI,2013-10-03 12:08:04.093000,0.9835,E11_VolumeBounce,"[-3,+3]",2013-10-03
IDT,2013-10-04 13:22:30.926000,17.5101,E11_VolumeBounce,"[-3,+3]",2013-10-04
DCTH,2013-10-10 11:39:00.209000,0.415,E11_VolumeBounce,"[-3,+3]",2013-10-10
CADC,2013-10-11 13:30:00.150000,4.12,E11_VolumeBounce,"[-3,+3]",2013-10-11
TNXP,2013-10-14 13:30:00.179000,3.95,E11_VolumeBounce,"[-3,+3]",2013-10-14
DCTH,2013-10-17 12:35:34.816000,0.4202,E11_VolumeBounce,"[-3,+3]",2013-10-17
ASTI,2013-10-21 13:30:00.323000,1.05,E11_VolumeBounce,"[-3,+3]",2013-10-21
TNXP,2013-10-24 19:34:54.152000,3.8,E11_VolumeBounce,"[-3,+3]",2013-10-24
ASTI,2013-10-29 13:30:00.678000,0.95,E11_VolumeBounce,"[-3,+3]",2013-10-29
DCTH,2013-10-31 13:30:00.170000,0.3265,E11_VolumeBounce,"[-3,+3]",2013-10-31
PRFT,2013-11-04 14:30:00.216000,17.43,E11_VolumeBounce,"[-3,+3]",2013-11-04
ASTI,2013-11-08 14:12:26.354000,0.8783,E11_VolumeBounce,"[-3,+3]",2013-11-08
TNXP,2013-11-08 14:30:00.221000,4.15,E11_VolumeBounce,"[-3,+3]",2013-11-08
DCTH,2013-11-11 14:30:00.176000,0.3012,E11_VolumeBounce,"[-3,+3]",2013-11-11
DCTH,2013-11-16 00:23:30.535000,0.337,E11_VolumeBounce,"[-3,+3]",2013-11-16
ASTI,2013-11-18 14:30:00.325000,0.821,E11_VolumeBounce,"[-3,+3]",2013-11-18
TNXP,2013-11-21 00:45:45.808000,4.21,E11_VolumeBounce,"[-3,+3]",2013-11-21
DCTH,2013-11-21 14:30:00.681000,0.3247,E11_VolumeBounce,"[-3,+3]",2013-11-21
ASTI,2013-11-26 14:30:00.050000,0.751,E11_VolumeBounce,"[-3,+3]",2013-11-26
ASTI,2013-12-09 14:30:00.521000,0.72,E11_VolumeBounce,"[-3,+3]",2013-12-09
DCTH,2013-12-10 14:30:00.378000,0.2481,E11_VolumeBounce,"[-3,+3]",2013-12-10
TACT,2013-12-12 14:30:00.511000,11.79,E11_VolumeBounce,"[-3,+3]",2013-12-12
DCTH,2013-12-16 14:30:00.478000,0.224,E11_VolumeBounce,"[-3,+3]",2013-12-16
ASTI,2013-12-16 14:30:00.649000,0.71,E11_VolumeBounce,"[-3,+3]",2013-12-16
DCTH,2013-12-26 14:30:00.357000,0.2497,E11_VolumeBounce,"[-3,+3]",2013-12-26
ASTI,2013-12-30 14:30:00.338000,0.72,E11_VolumeBounce,"[-3,+3]",2013-12-30
TWIN,2013-12-31 14:29:58.174000,25.35,E11_VolumeBounce,"[-3,+3]",2013-12-31
CADC,2014-01-06 15:02:39.939000,4.85,E11_VolumeBounce,"[-3,+3]",2014-01-06
DCTH,2014-01-09 14:30:00.618000,0.2988,E11_VolumeBounce,"[-3,+3]",2014-01-09
DCTH,2014-01-16 00:45:58.863000,0.307,E11_VolumeBounce,"[-3,+3]",2014-01-16
ASTI,2014-01-23 14:28:25.126000,0.71,E11_VolumeBounce,"[-3,+3]",2014-01-23
ASTI,2014-01-28 14:30:00.764000,0.6566,E11_VolumeBounce,"[-3,+3]",2014-01-28
DCTH,2014-01-29 00:38:41.222000,0.36,E11_VolumeBounce,"[-3,+3]",2014-01-29
ASTI,2014-01-31 14:30:00.233000,0.69,E11_VolumeBounce,"[-3,+3]",2014-01-31
ASTI,2014-02-05 14:30:00.605000,0.65,E11_VolumeBounce,"[-3,+3]",2014-02-05
DCTH,2014-02-06 00:20:46.373000,0.3033,E11_VolumeBounce,"[-3,+3]",2014-02-06
ASTI,2014-02-12 14:30:00.438000,0.7,E11_VolumeBounce,"[-3,+3]",2014-02-12
ATRC,2014-02-13 13:46:42.481000,19.7,E11_VolumeBounce,"[-3,+3]",2014-02-13
DCTH,2014-02-13 14:30:00.602000,0.3035,E11_VolumeBounce,"[-3,+3]",2014-02-13
ASTI,2014-02-21 14:30:00.271000,0.6854,E11_VolumeBounce,"[-3,+3]",2014-02-21
DCTH,2014-02-24 14:30:00.544000,0.3049,E11_VolumeBounce,"[-3,+3]",2014-02-24
DCTH,2014-03-01 00:42:27.828000,0.325,E11_VolumeBounce,"[-3,+3]",2014-03-01
DCTH,2014-03-06 14:30:00.241000,0.32,E11_VolumeBounce,"[-3,+3]",2014-03-06
ASTI,2014-03-11 13:30:00.618000,0.77,E11_VolumeBounce,"[-3,+3]",2014-03-11
LPSN,2014-03-13 09:22:39.849000,11.47,E11_VolumeBounce,"[-3,+3]",2014-03-13
TNXP,2014-03-14 12:10:27.030000,11.9,E11_VolumeBounce,"[-3,+3]",2014-03-14
ASTI,2014-03-17 13:09:39.210000,0.7,E11_VolumeBounce,"[-3,+3]",2014-03-17
DCTH,2014-03-19 12:06:18.205000,0.2988,E11_VolumeBounce,"[-3,+3]",2014-03-19
TNXP,2014-03-26 13:20:44.466000,10.28,E11_VolumeBounce,"[-3,+3]",2014-03-26
ASTI,2014-03-27 13:30:00.594000,0.6304,E11_VolumeBounce,"[-3,+3]",2014-03-27
DCTH,2014-04-01 13:06:12.940000,0.2885,E11_VolumeBounce,"[-3,+3]",2014-04-01
TNXP,2014-04-08 13:30:00.013000,11.25,E11_VolumeBounce,"[-3,+3]",2014-04-08
CPSS,2014-04-08 13:30:00.544000,6.67,E11_VolumeBounce,"[-3,+3]",2014-04-08
DCTH,2014-04-10 12:40:11.335000,3.84,E11_VolumeBounce,"[-3,+3]",2014-04-10
ASTI,2014-04-11 13:30:00.437000,0.51,E11_VolumeBounce,"[-3,+3]",2014-04-11
TNXP,2014-04-15 13:30:00.554000,9.48,E11_VolumeBounce,"[-3,+3]",2014-04-15
DCTH,2014-04-16 13:30:00.570000,3.8011,E11_VolumeBounce,"[-3,+3]",2014-04-16
ASTI,2014-04-28 12:24:35.805000,0.4809,E11_VolumeBounce,"[-3,+3]",2014-04-28
TWIN,2014-04-29 13:29:59.866000,26.4,E11_VolumeBounce,"[-3,+3]",2014-04-29
TNXP,2014-04-29 13:30:00.448000,9.25,E11_VolumeBounce,"[-3,+3]",2014-04-29
DCTH,2014-05-08 13:30:00.300000,3.14,E11_VolumeBounce,"[-3,+3]",2014-05-08
ASTI,2014-05-09 13:30:00.577000,0.4294,E11_VolumeBounce,"[-3,+3]",2014-05-09
TNXP,2014-05-12 13:30:00.039000,8.63,E11_VolumeBounce,"[-3,+3]",2014-05-12
DCTH,2014-05-14 13:30:00.116000,2.9,E11_VolumeBounce,"[-3,+3]",2014-05-14
TNXP,2014-05-15 13:30:00.001000,8.3077,E11_VolumeBounce,"[-3,+3]",2014-05-15
ASTI,2014-05-19 13:30:00.206000,0.39,E11_VolumeBounce,"[-3,+3]",2014-05-19
DCTH,2014-05-20 12:18:31.388000,2.56,E11_VolumeBounce,"[-3,+3]",2014-05-20
TNXP,2014-05-22 13:39:55.441000,8.64,E11_VolumeBounce,"[-3,+3]",2014-05-22
CRD.A,2014-05-22 15:08:08.906000,8.25,E11_VolumeBounce,"[-3,+3]",2014-05-22
ASTI,2014-05-27 13:30:00.620000,0.3799,E11_VolumeBounce,"[-3,+3]",2014-05-27
TNXP,2014-06-02 13:30:00.370000,9.43,E11_VolumeBounce,"[-3,+3]",2014-06-02
DCTH,2014-06-05 13:30:00.584000,2.64,E11_VolumeBounce,"[-3,+3]",2014-06-05
ASTI,2014-06-06 13:30:00.440000,0.422,E11_VolumeBounce,"[-3,+3]",2014-06-06
TNXP,2014-06-11 12:43:36.808000,10.85,E11_VolumeBounce,"[-3,+3]",2014-06-11
ASTI,2014-06-13 13:30:00.202000,0.42,E11_VolumeBounce,"[-3,+3]",2014-06-13
ASTI,2014-06-27 13:30:00.057000,0.42,E11_VolumeBounce,"[-3,+3]",2014-06-27
DCTH,2014-07-01 13:30:00.586000,2.66,E11_VolumeBounce,"[-3,+3]",2014-07-01
TNXP,2014-07-03 13:30:00.628000,13.71,E11_VolumeBounce,"[-3,+3]",2014-07-03
ASTI,2014-07-07 13:30:00.560000,0.469,E11_VolumeBounce,"[-3,+3]",2014-07-07
ASTI,2014-07-10 13:30:00.325000,0.45,E11_VolumeBounce,"[-3,+3]",2014-07-10
TNXP,2014-07-10 13:30:00.637000,12.42,E11_VolumeBounce,"[-3,+3]",2014-07-10
ASTI,2014-07-15 13:30:00.483000,0.413,E11_VolumeBounce,"[-3,+3]",2014-07-15
DCTH,2014-07-18 13:30:00.075000,2.19,E11_VolumeBounce,"[-3,+3]",2014-07-18
TNXP,2014-07-18 13:30:00.301000,11.37,E11_VolumeBounce,"[-3,+3]",2014-07-18
USNA,2014-07-21 13:30:00.941000,71.972,E11_VolumeBounce,"[-3,+3]",2014-07-21
DCTH,2014-07-29 13:30:00.156000,2.16,E11_VolumeBounce,"[-3,+3]",2014-07-29
TNXP,2014-07-30 13:30:00.185000,11.43,E11_VolumeBounce,"[-3,+3]",2014-07-30
ASTI,2014-07-31 12:45:28.509000,0.344,E11_VolumeBounce,"[-3,+3]",2014-07-31
BSFT,2014-08-04 12:04:41.999000,24.98,E11_VolumeBounce,"[-3,+3]",2014-08-04
DCTH,2014-08-05 13:30:00.287000,1.94,E11_VolumeBounce,"[-3,+3]",2014-08-05
ASTI,2014-08-05 13:30:00.489000,0.3161,E11_VolumeBounce,"[-3,+3]",2014-08-05
DCTH,2014-08-11 13:30:00.338000,1.96,E11_VolumeBounce,"[-3,+3]",2014-08-11
ASTI,2014-08-13 13:30:00.350000,0.2986,E11_VolumeBounce,"[-3,+3]",2014-08-13
TNXP,2014-08-13 13:30:00.608000,14.0,E11_VolumeBounce,"[-3,+3]",2014-08-13
TNXP,2014-08-19 13:30:00.319000,13.99,E11_VolumeBounce,"[-3,+3]",2014-08-19
ASTI,2014-08-20 13:30:00.312000,0.29,E11_VolumeBounce,"[-3,+3]",2014-08-20
NSSC,2014-08-26 13:29:59.987000,5.035,E11_VolumeBounce,"[-3,+3]",2014-08-26
ASTI,2014-08-29 13:30:00.169000,2.13,E11_VolumeBounce,"[-3,+3]",2014-08-29
DCTH,2014-09-02 13:30:00.160000,2.67,E11_VolumeBounce,"[-3,+3]",2014-09-02
TNXP,2014-09-03 13:30:00.572000,14.57,E11_VolumeBounce,"[-3,+3]",2014-09-03
ASTI,2014-09-05 12:49:17.777000,2.4699,E11_VolumeBounce,"[-3,+3]",2014-09-05
DCTH,2014-09-05 13:31:09.160000,2.42,E11_VolumeBounce,"[-3,+3]",2014-09-05
DCTH,2014-09-11 13:30:00.532000,2.42,E11_VolumeBounce,"[-3,+3]",2014-09-11
TNXP,2014-09-12 13:30:00.361000,13.4,E11_VolumeBounce,"[-3,+3]",2014-09-12
ATRC,2014-09-18 13:30:00.225000,15.25,E11_VolumeBounce,"[-3,+3]",2014-09-18
ASTI,2014-09-22 12:12:20.214000,2.39,E11_VolumeBounce,"[-3,+3]",2014-09-22
DCTH,2014-09-23 13:30:00.029000,2.11,E11_VolumeBounce,"[-3,+3]",2014-09-23
CRD.A,2014-09-23 13:45:00.106000,7.9,E11_VolumeBounce,"[-3,+3]",2014-09-23
TNXP,2014-09-24 13:30:00.019000,12.0856,E11_VolumeBounce,"[-3,+3]",2014-09-24
ASTI,2014-09-29 13:30:00.426000,1.98,E11_VolumeBounce,"[-3,+3]",2014-09-29
DCTH,2014-10-03 13:30:00.452000,1.96,E11_VolumeBounce,"[-3,+3]",2014-10-03
ASTI,2014-10-07 13:30:00.047000,1.8801,E11_VolumeBounce,"[-3,+3]",2014-10-07
ASTI,2014-10-10 13:30:00.426000,1.585,E11_VolumeBounce,"[-3,+3]",2014-10-10
TACT,2014-10-24 13:30:00.153000,6.0,E11_VolumeBounce,"[-3,+3]",2014-10-24
TPX,2014-10-31 13:00:31.433000,50.67,E11_VolumeBounce,"[-3,+3]",2014-10-31
ASTI,2014-10-31 13:30:00.161000,1.7699,E11_VolumeBounce,"[-3,+3]",2014-10-31
DCTH,2014-11-05 14:30:00.144000,1.56,E11_VolumeBounce,"[-3,+3]",2014-11-05
BSFT,2014-11-05 14:30:00.598000,23.88,E11_VolumeBounce,"[-3,+3]",2014-11-05
LPSN,2014-11-06 00:13:35.555000,12.72,E11_VolumeBounce,"[-3,+3]",2014-11-06
ASTI,2014-11-06 12:45:20.862000,1.87,E11_VolumeBounce,"[-3,+3]",2014-11-06
TNXP,2014-11-06 14:30:00.384000,6.8,E11_VolumeBounce,"[-3,+3]",2014-11-06
CADC,2014-11-10 14:30:03.898000,4.93,E11_VolumeBounce,"[-3,+3]",2014-11-10
AGM,2014-11-12 14:30:00.334000,32.7795,E11_VolumeBounce,"[-3,+3]",2014-11-12
DCTH,2014-11-14 14:30:00.349000,1.43,E11_VolumeBounce,"[-3,+3]",2014-11-14
TNXP,2014-11-26 14:30:00.525000,7.06,E11_VolumeBounce,"[-3,+3]",2014-11-26
QDEL,2014-12-03 13:36:28.449000,23.8,E11_VolumeBounce,"[-3,+3]",2014-12-03
DCTH,2014-12-03 14:30:00.156000,1.19,E11_VolumeBounce,"[-3,+3]",2014-12-03
ASTI,2014-12-03 14:30:00.657000,1.52,E11_VolumeBounce,"[-3,+3]",2014-12-03
TNXP,2014-12-16 14:30:00.491000,6.1,E11_VolumeBounce,"[-3,+3]",2014-12-16
ASTI,2014-12-17 14:30:00.431000,1.18,E11_VolumeBounce,"[-3,+3]",2014-12-17
RCMT,2014-12-17 14:30:00.475000,8.03,E11_VolumeBounce,"[-3,+3]",2014-12-17
DCTH,2014-12-18 14:30:00.636000,1.43,E11_VolumeBounce,"[-3,+3]",2014-12-18
TNXP,2014-12-22 14:30:00.539000,6.0901,E11_VolumeBounce,"[-3,+3]",2014-12-22
TNXP,2014-12-26 12:13:25.888000,6.21,E11_VolumeBounce,"[-3,+3]",2014-12-26
DCTH,2015-01-02 14:30:00.272000,1.3,E11_VolumeBounce,"[-3,+3]",2015-01-02
TNXP,2015-01-02 14:30:00.418000,5.9,E11_VolumeBounce,"[-3,+3]",2015-01-02
ASTI,2015-01-08 14:30:00.336000,0.93,E11_VolumeBounce,"[-3,+3]",2015-01-08
DCTH,2015-01-14 14:30:00.555000,1.33,E11_VolumeBounce,"[-3,+3]",2015-01-14
ASTI,2015-01-21 14:30:00.341000,0.5929,E11_VolumeBounce,"[-3,+3]",2015-01-21
ASTI,2015-01-26 14:30:00.284000,0.6222,E11_VolumeBounce,"[-3,+3]",2015-01-26
TNXP,2015-01-26 14:37:04.166000,6.43,E11_VolumeBounce,"[-3,+3]",2015-01-26
ASTI,2015-01-29 14:28:04.121000,0.6634,E11_VolumeBounce,"[-3,+3]",2015-01-29
DCTH,2015-02-02 14:30:00.015000,1.26,E11_VolumeBounce,"[-3,+3]",2015-02-02
TNXP,2015-02-03 14:30:00.268000,6.111,E11_VolumeBounce,"[-3,+3]",2015-02-03
RCMT,2015-02-03 14:30:00.349000,5.93,E11_VolumeBounce,"[-3,+3]",2015-02-03
ASTI,2015-02-09 14:30:00.719000,0.89,E11_VolumeBounce,"[-3,+3]",2015-02-09
ASTI,2015-02-13 14:30:00.488000,1.13,E11_VolumeBounce,"[-3,+3]",2015-02-13
TNXP,2015-02-18 14:03:25.723000,5.92,E11_VolumeBounce,"[-3,+3]",2015-02-18
ASTI,2015-02-27 00:41:28.880000,1.42,E11_VolumeBounce,"[-3,+3]",2015-02-27
TNXP,2015-03-02 14:19:06.958000,5.92,E11_VolumeBounce,"[-3,+3]",2015-03-02
TACT,2015-03-06 14:30:00.557000,6.25,E11_VolumeBounce,"[-3,+3]",2015-03-06
TNXP,2015-03-09 13:30:00.719000,6.719,E11_VolumeBounce,"[-3,+3]",2015-03-09
DCTH,2015-03-11 13:30:00.294000,1.11,E11_VolumeBounce,"[-3,+3]",2015-03-11
ASTI,2015-03-13 13:14:21.098000,1.17,E11_VolumeBounce,"[-3,+3]",2015-03-13
DCTH,2015-03-20 13:30:00.115000,0.992,E11_VolumeBounce,"[-3,+3]",2015-03-20
TNXP,2015-03-23 13:30:00.087000,6.6301,E11_VolumeBounce,"[-3,+3]",2015-03-23
TNXP,2015-03-27 13:30:00.380000,6.12,E11_VolumeBounce,"[-3,+3]",2015-03-27
ASTI,2015-04-06 13:30:00.247000,0.9201,E11_VolumeBounce,"[-3,+3]",2015-04-06
DCTH,2015-04-07 13:29:40.105000,1.02,E11_VolumeBounce,"[-3,+3]",2015-04-07
CADC,2015-04-08 13:30:00.372000,4.3,E11_VolumeBounce,"[-3,+3]",2015-04-08
TNXP,2015-04-15 13:34:05.863000,6.27,E11_VolumeBounce,"[-3,+3]",2015-04-15
ASTI,2015-04-20 13:30:00.216000,1.0399,E11_VolumeBounce,"[-3,+3]",2015-04-20
DCTH,2015-04-22 13:30:00.360000,1.02,E11_VolumeBounce,"[-3,+3]",2015-04-22
TNXP,2015-04-28 13:30:00.828000,6.32,E11_VolumeBounce,"[-3,+3]",2015-04-28
ATRC,2015-04-30 12:53:52.285000,21.85,E11_VolumeBounce,"[-3,+3]",2015-04-30
DCTH,2015-05-04 13:30:00.492000,0.93,E11_VolumeBounce,"[-3,+3]",2015-05-04
USNA,2015-05-06 13:30:15.016000,121.227,E11_VolumeBounce,"[-3,+3]",2015-05-06
ASTI,2015-05-08 12:30:32.820000,0.96,E11_VolumeBounce,"[-3,+3]",2015-05-08
TNXP,2015-05-08 13:30:00.612000,6.06,E11_VolumeBounce,"[-3,+3]",2015-05-08
LPSN,2015-05-12 08:05:39.452000,8.18,E11_VolumeBounce,"[-3,+3]",2015-05-12
DCTH,2015-05-13 13:30:00.363000,0.8553,E11_VolumeBounce,"[-3,+3]",2015-05-13
TNXP,2015-05-14 13:30:00.320000,6.34,E11_VolumeBounce,"[-3,+3]",2015-05-14
DCTH,2015-05-18 13:30:00.731000,0.832,E11_VolumeBounce,"[-3,+3]",2015-05-18
TNXP,2015-05-20 13:30:00.481000,6.31,E11_VolumeBounce,"[-3,+3]",2015-05-20
DCTH,2015-05-27 13:26:50.686000,0.98,E11_VolumeBounce,"[-3,+3]",2015-05-27
ASTI,2015-05-28 13:30:00.695000,0.7191,E11_VolumeBounce,"[-3,+3]",2015-05-28
TWIN,2015-06-10 13:30:00.282000,18.2,E11_VolumeBounce,"[-3,+3]",2015-06-10
ASTI,2015-06-10 13:30:00.679000,0.74,E11_VolumeBounce,"[-3,+3]",2015-06-10
TNXP,2015-06-12 12:00:02.217000,8.6,E11_VolumeBounce,"[-3,+3]",2015-06-12
DCTH,2015-06-16 13:30:00.003000,1.13,E11_VolumeBounce,"[-3,+3]",2015-06-16
ASTI,2015-06-17 13:30:00.817000,0.6401,E11_VolumeBounce,"[-3,+3]",2015-06-17
TNXP,2015-06-22 12:20:25.181000,10.2125,E11_VolumeBounce,"[-3,+3]",2015-06-22
ASTI,2015-06-25 13:30:00.299000,0.59,E11_VolumeBounce,"[-3,+3]",2015-06-25
TNXP,2015-06-30 13:29:20.066000,8.55,E11_VolumeBounce,"[-3,+3]",2015-06-30
DCTH,2015-07-02 13:28:00.069000,0.98,E11_VolumeBounce,"[-3,+3]",2015-07-02
ASTI,2015-07-14 13:30:00.409000,0.408,E11_VolumeBounce,"[-3,+3]",2015-07-14
DCTH,2015-07-14 13:30:00.787000,0.8649,E11_VolumeBounce,"[-3,+3]",2015-07-14
TNXP,2015-07-15 13:15:40.527000,7.687,E11_VolumeBounce,"[-3,+3]",2015-07-15
ASTI,2015-07-20 13:30:00.577000,0.3698,E11_VolumeBounce,"[-3,+3]",2015-07-20
NSSC,2015-07-21 14:14:24.736000,6.0,E11_VolumeBounce,"[-3,+3]",2015-07-21
DCTH,2015-07-22 12:00:46.075000,0.4953,E11_VolumeBounce,"[-3,+3]",2015-07-22
TNXP,2015-07-24 13:30:00.611000,8.52,E11_VolumeBounce,"[-3,+3]",2015-07-24
ASTI,2015-07-28 13:30:00.549104,0.29,E11_VolumeBounce,"[-3,+3]",2015-07-28
LPSN,2015-07-29 08:10:00.657185,8.53,E11_VolumeBounce,"[-3,+3]",2015-07-29
ASTI,2015-08-06 13:30:00.261400,0.23,E11_VolumeBounce,"[-3,+3]",2015-08-06
DCTH,2015-08-07 13:30:00.736300,0.53,E11_VolumeBounce,"[-3,+3]",2015-08-07
HZN,2015-08-07 13:30:01.356463,10.0,E11_VolumeBounce,"[-3,+3]",2015-08-07
ASTI,2015-08-11 12:13:34.697011,0.248,E11_VolumeBounce,"[-3,+3]",2015-08-11
TNXP,2015-08-11 13:30:00.067026,7.39,E11_VolumeBounce,"[-3,+3]",2015-08-11
DCTH,2015-08-13 13:30:00.718542,0.522,E11_VolumeBounce,"[-3,+3]",2015-08-13
TNXP,2015-08-17 13:30:00.646419,6.83,E11_VolumeBounce,"[-3,+3]",2015-08-17
ASTI,2015-08-20 13:30:00.426132,0.12,E11_VolumeBounce,"[-3,+3]",2015-08-20
DCTH,2015-08-25 13:30:00.464551,0.4388,E11_VolumeBounce,"[-3,+3]",2015-08-25
TNXP,2015-08-27 12:14:02.956280,6.38,E11_VolumeBounce,"[-3,+3]",2015-08-27
DCTH,2015-09-03 13:30:00.596740,0.42,E11_VolumeBounce,"[-3,+3]",2015-09-03
TNXP,2015-09-08 13:30:00.623261,7.36,E11_VolumeBounce,"[-3,+3]",2015-09-08
ASTI,2015-09-09 12:13:08.585958,0.28,E11_VolumeBounce,"[-3,+3]",2015-09-09
DCTH,2015-09-10 13:30:00.747289,0.4816,E11_VolumeBounce,"[-3,+3]",2015-09-10
ASTI,2015-09-16 12:37:52.223086,0.24,E11_VolumeBounce,"[-3,+3]",2015-09-16
TACT,2015-09-16 13:30:00.296307,7.95,E11_VolumeBounce,"[-3,+3]",2015-09-16
TNXP,2015-09-24 13:30:00.135642,6.55,E11_VolumeBounce,"[-3,+3]",2015-09-24
DCTH,2015-09-30 13:30:00.345325,0.43,E11_VolumeBounce,"[-3,+3]",2015-09-30
TNXP,2015-10-01 12:26:32.636846,5.46,E11_VolumeBounce,"[-3,+3]",2015-10-01
ASTI,2015-10-02 13:30:00.273017,0.168,E11_VolumeBounce,"[-3,+3]",2015-10-02
ASTI,2015-10-08 13:30:00.770758,0.2134,E11_VolumeBounce,"[-3,+3]",2015-10-08
NSSC,2015-10-12 13:28:00.050830,7.25,E11_VolumeBounce,"[-3,+3]",2015-10-12
TNXP,2015-10-12 13:30:00.580039,7.06,E11_VolumeBounce,"[-3,+3]",2015-10-12
ASTI,2015-10-14 13:30:00.388811,0.1869,E11_VolumeBounce,"[-3,+3]",2015-10-14
ASTI,2015-10-20 12:31:07.984548,0.175,E11_VolumeBounce,"[-3,+3]",2015-10-20
RCMT,2015-10-22 13:30:00.349638,4.66,E11_VolumeBounce,"[-3,+3]",2015-10-22
TNXP,2015-10-23 13:30:00.608061,6.54,E11_VolumeBounce,"[-3,+3]",2015-10-23
DCTH,2015-10-28 13:30:00.215723,0.526,E11_VolumeBounce,"[-3,+3]",2015-10-28
TNXP,2015-10-30 13:30:00.215142,6.6,E11_VolumeBounce,"[-3,+3]",2015-10-30
ASTI,2015-11-03 14:30:00.787022,0.149,E11_VolumeBounce,"[-3,+3]",2015-11-03
TNXP,2015-11-06 14:30:00.453478,7.09,E11_VolumeBounce,"[-3,+3]",2015-11-06
CRD.A,2015-11-11 15:26:32.411976,5.02,E11_VolumeBounce,"[-3,+3]",2015-11-11
ASTI,2015-11-13 00:37:33.232313,0.158,E11_VolumeBounce,"[-3,+3]",2015-11-13
CPSS,2015-11-13 14:30:00.373987,4.5,E11_VolumeBounce,"[-3,+3]",2015-11-13
TNXP,2015-11-13 14:30:00.819667,6.7201,E11_VolumeBounce,"[-3,+3]",2015-11-13
DCTH,2015-11-16 14:30:00.464095,0.442,E11_VolumeBounce,"[-3,+3]",2015-11-16
ASTI,2015-11-20 14:30:00.324039,0.14,E11_VolumeBounce,"[-3,+3]",2015-11-20
DCTH,2015-11-20 14:30:00.455959,0.4049,E11_VolumeBounce,"[-3,+3]",2015-11-20
ASTI,2015-12-01 00:59:06.952700,0.1357,E11_VolumeBounce,"[-3,+3]",2015-12-01
CADC,2015-12-01 14:30:00.514827,2.0,E11_VolumeBounce,"[-3,+3]",2015-12-01
HZN,2015-12-02 14:30:00.321051,8.69,E11_VolumeBounce,"[-3,+3]",2015-12-02
NSSC,2015-12-03 14:30:00.802062,6.0,E11_VolumeBounce,"[-3,+3]",2015-12-03
AGM,2015-12-03 14:30:01.010895,31.0,E11_VolumeBounce,"[-3,+3]",2015-12-03
TNXP,2015-12-07 14:30:00.358658,6.8,E11_VolumeBounce,"[-3,+3]",2015-12-07
DCTH,2015-12-09 14:30:00.410291,0.46,E11_VolumeBounce,"[-3,+3]",2015-12-09
ASTI,2015-12-10 13:00:23.999462,0.172,E11_VolumeBounce,"[-3,+3]",2015-12-10
ASTI,2015-12-18 13:40:37.439369,0.155,E11_VolumeBounce,"[-3,+3]",2015-12-18
TNXP,2015-12-18 14:30:00.231804,6.54,E11_VolumeBounce,"[-3,+3]",2015-12-18
ASTI,2015-12-24 00:26:49.574317,0.1385,E11_VolumeBounce,"[-3,+3]",2015-12-24
DCTH,2015-12-30 14:30:00.747266,0.46,E11_VolumeBounce,"[-3,+3]",2015-12-30
ASTI,2015-12-31 14:30:00.396698,0.136,E11_VolumeBounce,"[-3,+3]",2015-12-31
DCTH,2016-01-08 14:30:00.625926,0.53,E11_VolumeBounce,"[-3,+3]",2016-01-08
DCTH,2016-01-13 14:31:49.110288,0.4633,E11_VolumeBounce,"[-3,+3]",2016-01-13
ASTI,2016-01-14 14:30:00.254399,0.076,E11_VolumeBounce,"[-3,+3]",2016-01-14
TNXP,2016-01-14 14:30:00.452088,4.72,E11_VolumeBounce,"[-3,+3]",2016-01-14
ASTI,2016-01-22 00:01:19.864472,0.0606,E11_VolumeBounce,"[-3,+3]",2016-01-22
DCTH,2016-01-28 14:47:36.483193,0.3705,E11_VolumeBounce,"[-3,+3]",2016-01-28
ASTI,2016-01-29 00:45:47.297773,0.068,E11_VolumeBounce,"[-3,+3]",2016-01-29
TNXP,2016-01-29 14:30:00.007030,4.4526,E11_VolumeBounce,"[-3,+3]",2016-01-29
ASTI,2016-02-04 00:41:49.621976,0.0905,E11_VolumeBounce,"[-3,+3]",2016-02-04
NAII,2016-02-10 14:30:00.115974,8.5925,E11_VolumeBounce,"[-3,+3]",2016-02-10
ASTI,2016-02-11 12:09:17.429795,0.1007,E11_VolumeBounce,"[-3,+3]",2016-02-11
DCTH,2016-02-11 14:30:00.563540,0.2612,E11_VolumeBounce,"[-3,+3]",2016-02-11
TNXP,2016-02-11 14:30:00.743852,3.94,E11_VolumeBounce,"[-3,+3]",2016-02-11
ASTI,2016-02-17 13:08:56.413602,0.098,E11_VolumeBounce,"[-3,+3]",2016-02-17
DCTH,2016-02-29 14:30:00.524182,0.2753,E11_VolumeBounce,"[-3,+3]",2016-02-29
HZN,2016-03-01 14:30:00.043394,9.0,E11_VolumeBounce,"[-3,+3]",2016-03-01
TACT,2016-03-01 14:30:00.150781,7.5794,E11_VolumeBounce,"[-3,+3]",2016-03-01
TNXP,2016-03-02 14:30:00.503580,2.29,E11_VolumeBounce,"[-3,+3]",2016-03-02
TNXP,2016-03-14 13:30:00.193900,2.4,E11_VolumeBounce,"[-3,+3]",2016-03-14
TNXP,2016-03-24 13:30:00.441499,2.4415,E11_VolumeBounce,"[-3,+3]",2016-03-24
DCTH,2016-03-28 13:30:00.666856,0.2795,E11_VolumeBounce,"[-3,+3]",2016-03-28
DCTH,2016-04-13 13:30:00.267150,0.3001,E11_VolumeBounce,"[-3,+3]",2016-04-13
TNXP,2016-04-13 13:30:00.383844,2.52,E11_VolumeBounce,"[-3,+3]",2016-04-13
CADC,2016-04-13 13:30:00.531941,2.25,E11_VolumeBounce,"[-3,+3]",2016-04-13
TNXP,2016-04-28 13:30:00.487337,2.68,E11_VolumeBounce,"[-3,+3]",2016-04-28
BSFT,2016-05-02 11:37:03.676590,35.06,E11_VolumeBounce,"[-3,+3]",2016-05-02
TWER,2016-05-02 13:30:00.544640,0.2,E11_VolumeBounce,"[-3,+3]",2016-05-02
DCTH,2016-05-03 13:30:00.326404,0.32,E11_VolumeBounce,"[-3,+3]",2016-05-03
MGPI,2016-05-04 13:30:00.120347,26.07,E11_VolumeBounce,"[-3,+3]",2016-05-04
DCTH,2016-05-06 13:30:00.228947,0.2862,E11_VolumeBounce,"[-3,+3]",2016-05-06
TNXP,2016-05-09 13:30:00.313852,2.2001,E11_VolumeBounce,"[-3,+3]",2016-05-09
DCTH,2016-05-12 13:30:00.003733,0.275,E11_VolumeBounce,"[-3,+3]",2016-05-12
TNXP,2016-05-23 13:28:00.088602,2.41,E11_VolumeBounce,"[-3,+3]",2016-05-23
DCTH,2016-05-27 13:36:49.365236,0.31,E11_VolumeBounce,"[-3,+3]",2016-05-27
TNXP,2016-06-02 11:05:01.795592,2.5501,E11_VolumeBounce,"[-3,+3]",2016-06-02
DCTH,2016-06-08 13:30:00.111311,0.28,E11_VolumeBounce,"[-3,+3]",2016-06-08
TNXP,2016-06-13 13:30:00.042277,2.49,E11_VolumeBounce,"[-3,+3]",2016-06-13
TWER,2016-06-14 13:30:00.457276,0.189,E11_VolumeBounce,"[-3,+3]",2016-06-14
TWER,2016-06-21 12:06:15.898502,0.169,E11_VolumeBounce,"[-3,+3]",2016-06-21
TNXP,2016-06-21 13:30:00.031523,1.91,E11_VolumeBounce,"[-3,+3]",2016-06-21
MGPI,2016-06-23 13:28:05.124742,35.05,E11_VolumeBounce,"[-3,+3]",2016-06-23
TNXP,2016-06-28 13:30:00.337008,2.09,E11_VolumeBounce,"[-3,+3]",2016-06-28
DCTH,2016-06-28 13:30:04.562383,0.2399,E11_VolumeBounce,"[-3,+3]",2016-06-28
TWER,2016-06-29 13:30:00.273788,0.16,E11_VolumeBounce,"[-3,+3]",2016-06-29
DCTH,2016-07-06 12:06:04.684281,0.28,E11_VolumeBounce,"[-3,+3]",2016-07-06
DCTH,2016-07-11 12:41:09.254008,0.2387,E11_VolumeBounce,"[-3,+3]",2016-07-11
DCTH,2016-07-20 13:30:00.523684,0.2598,E11_VolumeBounce,"[-3,+3]",2016-07-20
DCTH,2016-07-28 12:16:01.953331,3.8,E11_VolumeBounce,"[-3,+3]",2016-07-28
CPSS,2016-07-28 13:18:17.930602,3.92,E11_VolumeBounce,"[-3,+3]",2016-07-28
DCTH,2016-08-04 13:28:00.061500,4.28,E11_VolumeBounce,"[-3,+3]",2016-08-04
PRFT,2016-08-04 13:29:00.158742,19.46,E11_VolumeBounce,"[-3,+3]",2016-08-04
DCTH,2016-09-08 14:14:54.251124,3.84,E11_VolumeBounce,"[-3,+3]",2016-09-08
EIGR,2016-09-16 13:30:00.307826,14.0,E11_VolumeBounce,"[-3,+3]",2016-09-16
TWER,2016-09-22 13:30:00.092209,1.44,E11_VolumeBounce,"[-3,+3]",2016-09-22
EIGR,2016-09-30 13:30:00.523599,13.44,E11_VolumeBounce,"[-3,+3]",2016-09-30
DCTH,2016-11-03 13:30:00.317611,1.95,E11_VolumeBounce,"[-3,+3]",2016-11-03
TNXP,2016-11-28 14:30:00.352004,0.37,E11_VolumeBounce,"[-3,+3]",2016-11-28
DCTH,2016-12-30 14:04:09.440612,0.9512,E11_VolumeBounce,"[-3,+3]",2016-12-30
DCTH,2017-01-17 14:00:21.386941,0.4885,E11_VolumeBounce,"[-3,+3]",2017-01-17
HZN,2017-01-27 09:56:08.126517,18.86,E11_VolumeBounce,"[-3,+3]",2017-01-27
CRD.A,2017-02-14 14:30:53.334871,9.06,E11_VolumeBounce,"[-3,+3]",2017-02-14
MGPI,2017-03-08 14:30:00.574961,47.4,E11_VolumeBounce,"[-3,+3]",2017-03-08
AGM,2017-03-09 14:31:06.984656,58.37,E11_VolumeBounce,"[-3,+3]",2017-03-09
TNXP,2017-03-17 11:43:15.174294,3.9593,E11_VolumeBounce,"[-3,+3]",2017-03-17
PRFT,2017-03-30 12:00:02.950626,17.19,E11_VolumeBounce,"[-3,+3]",2017-03-30
TPX,2017-04-06 13:30:00.911263,44.05,E11_VolumeBounce,"[-3,+3]",2017-04-06
CRD.A,2017-04-18 13:30:00.107043,8.44,E11_VolumeBounce,"[-3,+3]",2017-04-18
USNA,2017-04-25 13:30:00.864947,56.2,E11_VolumeBounce,"[-3,+3]",2017-04-25
ATRC,2017-05-05 13:30:00.668905,21.97,E11_VolumeBounce,"[-3,+3]",2017-05-05
NAII,2017-05-15 13:30:00.307903,9.3,E11_VolumeBounce,"[-3,+3]",2017-05-15
TNXP,2017-05-19 11:40:12.941959,4.37,E11_VolumeBounce,"[-3,+3]",2017-05-19
DCTH,2017-06-08 12:15:17.456939,0.0234,E11_VolumeBounce,"[-3,+3]",2017-06-08
CADC,2017-06-23 13:30:00.691200,2.15,E11_VolumeBounce,"[-3,+3]",2017-06-23
ATRC,2017-07-28 13:30:00.179348,22.47,E11_VolumeBounce,"[-3,+3]",2017-07-28
CGNT,2017-08-02 13:30:00.705498,2.27,E11_VolumeBounce,"[-3,+3]",2017-08-02
TACT,2017-08-04 13:30:00.522121,9.05,E11_VolumeBounce,"[-3,+3]",2017-08-04
TNXP,2017-08-22 13:30:00.363532,3.11,E11_VolumeBounce,"[-3,+3]",2017-08-22
QDEL,2017-09-18 13:28:00.127451,37.0,E11_VolumeBounce,"[-3,+3]",2017-09-18
DSE,2017-10-26 13:30:00.257460,5.5221,E11_VolumeBounce,"[-3,+3]",2017-10-26
CRD.A,2017-11-07 14:30:00.154322,7.2,E11_VolumeBounce,"[-3,+3]",2017-11-07
HZN,2017-12-15 14:30:00.310658,13.25,E11_VolumeBounce,"[-3,+3]",2017-12-15
RCMT,2017-12-18 14:12:53.789238,7.16,E11_VolumeBounce,"[-3,+3]",2017-12-18
SBNY,2018-01-18 12:22:21.512960,147.5,E11_VolumeBounce,"[-3,+3]",2018-01-18
TWIN,2018-01-29 14:30:00.546075,27.2,E11_VolumeBounce,"[-3,+3]",2018-01-29
PRFT,2018-03-01 14:30:00.457740,19.71,E11_VolumeBounce,"[-3,+3]",2018-03-01
EOLS,2018-03-09 14:30:00.430469,11.05,E11_VolumeBounce,"[-3,+3]",2018-03-09
CGNT,2018-03-13 11:24:37.283157,3.83,E11_VolumeBounce,"[-3,+3]",2018-03-13
WOW,2018-03-16 13:12:00.143650,7.16,E11_VolumeBounce,"[-3,+3]",2018-03-16
SND,2018-03-21 13:30:00.817868,5.67,E11_VolumeBounce,"[-3,+3]",2018-03-21
SBNY,2018-04-19 13:01:23.891393,130.0,E11_VolumeBounce,"[-3,+3]",2018-04-19
CRD.A,2018-04-27 13:30:00.155420,7.66,E11_VolumeBounce,"[-3,+3]",2018-04-27
RCMT,2018-04-27 13:30:00.567221,5.2696,E11_VolumeBounce,"[-3,+3]",2018-04-27
EOLS,2018-05-08 13:30:00.605742,8.9063,E11_VolumeBounce,"[-3,+3]",2018-05-08
QDEL,2018-05-09 13:30:00.376425,56.87,E11_VolumeBounce,"[-3,+3]",2018-05-09
NAII,2018-05-10 13:30:00.463891,10.0,E11_VolumeBounce,"[-3,+3]",2018-05-10
USNA,2018-05-29 13:30:00.046719,112.6,E11_VolumeBounce,"[-3,+3]",2018-05-29
OSS,2018-06-15 13:30:00.520958,4.82,E11_VolumeBounce,"[-3,+3]",2018-06-15
SLGL,2018-06-22 13:30:00.553929,8.54,E11_VolumeBounce,"[-3,+3]",2018-06-22
TPX,2018-07-26 11:02:05.440569,47.0,E11_VolumeBounce,"[-3,+3]",2018-07-26
SND,2018-08-09 11:10:12.749892,5.95,E11_VolumeBounce,"[-3,+3]",2018-08-09
TMSR,2018-08-09 14:20:35.750409,6.38,E11_VolumeBounce,"[-3,+3]",2018-08-09
TNXP,2018-08-15 13:30:00.730606,1.119,E11_VolumeBounce,"[-3,+3]",2018-08-15
RCMT,2018-08-23 13:30:00.576586,4.84,E11_VolumeBounce,"[-3,+3]",2018-08-23
EOLS,2018-08-29 12:14:40.498712,20.89,E11_VolumeBounce,"[-3,+3]",2018-08-29
TWIN,2018-09-20 13:30:00.107658,23.08,E11_VolumeBounce,"[-3,+3]",2018-09-20
OSS,2018-09-20 13:30:00.426068,4.24,E11_VolumeBounce,"[-3,+3]",2018-09-20
WOW,2018-10-02 13:30:00.955415,11.6,E11_VolumeBounce,"[-3,+3]",2018-10-02
ATRC,2018-10-05 08:00:19.452877,31.6,E11_VolumeBounce,"[-3,+3]",2018-10-05
EIGR,2018-10-17 13:13:22.274027,11.05,E11_VolumeBounce,"[-3,+3]",2018-10-17
CADC,2018-10-17 13:30:00.375402,3.27,E11_VolumeBounce,"[-3,+3]",2018-10-17
EIGR,2018-10-23 11:32:13.657200,10.25,E11_VolumeBounce,"[-3,+3]",2018-10-23
ITRM,2018-12-04 14:29:59.420641,7.15,E11_VolumeBounce,"[-3,+3]",2018-12-04
CPSS,2018-12-14 14:30:00.494985,3.42,E11_VolumeBounce,"[-3,+3]",2018-12-14
NSSC,2018-12-18 14:30:00.237767,15.5625,E11_VolumeBounce,"[-3,+3]",2018-12-18
CPSS,2018-12-21 14:30:00.733262,3.17,E11_VolumeBounce,"[-3,+3]",2018-12-21
RCMT,2018-12-24 14:30:00.383621,3.29,E11_VolumeBounce,"[-3,+3]",2018-12-24
CPSS,2018-12-27 14:30:00.751998,3.01,E11_VolumeBounce,"[-3,+3]",2018-12-27
TMSR,2019-02-05 13:01:35.621721,4.6499,E11_VolumeBounce,"[-3,+3]",2019-02-05
AGM,2019-02-22 14:30:01.005000,72.8625,E11_VolumeBounce,"[-3,+3]",2019-02-22
PRFT,2019-02-26 13:00:00.324995,27.4,E11_VolumeBounce,"[-3,+3]",2019-02-26
ITRM,2019-02-28 14:30:00.486747,5.4,E11_VolumeBounce,"[-3,+3]",2019-02-28
UONEK,2019-03-27 13:30:00.678247,1.94,E11_VolumeBounce,"[-3,+3]",2019-03-27
UONEK,2019-04-29 13:29:35.651292,1.925,E11_VolumeBounce,"[-3,+3]",2019-04-29
CPSS,2019-04-29 13:30:02.269659,3.5,E11_VolumeBounce,"[-3,+3]",2019-04-29
CADC,2019-06-04 13:30:00.650825,2.62,E11_VolumeBounce,"[-3,+3]",2019-06-04
UONEK,2019-06-10 13:30:00.295434,1.98,E11_VolumeBounce,"[-3,+3]",2019-06-10
ITRM,2019-06-10 13:30:00.549653,6.95,E11_VolumeBounce,"[-3,+3]",2019-06-10
SND,2019-06-18 13:30:00.585290,2.88,E11_VolumeBounce,"[-3,+3]",2019-06-18
USNA,2019-06-28 13:30:00.859219,76.62,E11_VolumeBounce,"[-3,+3]",2019-06-28
BIMI,2019-07-12 13:23:07.820678,3.65,E11_VolumeBounce,"[-3,+3]",2019-07-12
SBNY,2019-07-18 13:30:00.835991,122.51,E11_VolumeBounce,"[-3,+3]",2019-07-18
MGPI,2019-08-01 12:43:51.345947,49.37,E11_VolumeBounce,"[-3,+3]",2019-08-01
TACT,2019-08-08 13:30:00.741962,11.0,E11_VolumeBounce,"[-3,+3]",2019-08-08
RCMT,2019-09-11 13:06:16.317352,2.9,E11_VolumeBounce,"[-3,+3]",2019-09-11
BIMI,2019-10-10 13:30:00.259366,1.23,E11_VolumeBounce,"[-3,+3]",2019-10-10
TMSR,2019-10-15 13:36:27.010224,0.946,E11_VolumeBounce,"[-3,+3]",2019-10-15
TNXP,2019-10-23 11:00:31.914763,0.4095,E11_VolumeBounce,"[-3,+3]",2019-10-23
PRFT,2019-10-29 13:17:09.917944,39.4224,E11_VolumeBounce,"[-3,+3]",2019-10-29
TNXP,2019-11-06 14:01:42.062431,2.585,E11_VolumeBounce,"[-3,+3]",2019-11-06
TACT,2019-11-07 13:55:56.817100,10.735,E11_VolumeBounce,"[-3,+3]",2019-11-07
CPSS,2019-11-07 14:30:00.799639,3.42,E11_VolumeBounce,"[-3,+3]",2019-11-07
EIGR,2019-11-13 14:28:01.064698,10.63,E11_VolumeBounce,"[-3,+3]",2019-11-13
TMSR,2019-12-24 14:30:00.457451,1.24,E11_VolumeBounce,"[-3,+3]",2019-12-24
ITRM,2019-12-27 10:53:09.462232,3.05,E11_VolumeBounce,"[-3,+3]",2019-12-27
SLGL,2019-12-30 12:05:37.710833,24.0,E11_VolumeBounce,"[-3,+3]",2019-12-30
EIGR,2020-01-14 14:30:00.355423,14.1,E11_VolumeBounce,"[-3,+3]",2020-01-14
OSS,2020-01-22 13:31:14.178748,2.96,E11_VolumeBounce,"[-3,+3]",2020-01-22
EYPT,2020-01-23 11:31:21.249870,1.71,E11_VolumeBounce,"[-3,+3]",2020-01-23
TNXP,2020-01-24 12:00:08.667544,1.96,E11_VolumeBounce,"[-3,+3]",2020-01-24
CPSS,2020-02-03 14:30:01.252916,3.53,E11_VolumeBounce,"[-3,+3]",2020-02-03
NSSC,2020-02-05 14:00:03.029537,22.64,E11_VolumeBounce,"[-3,+3]",2020-02-05
HZN,2020-02-26 14:30:00.401147,3.34,E11_VolumeBounce,"[-3,+3]",2020-02-26
HZN,2020-03-16 13:30:00.208169,2.4,E11_VolumeBounce,"[-3,+3]",2020-03-16
QDEL,2020-03-17 12:11:38.967376,77.46,E11_VolumeBounce,"[-3,+3]",2020-03-17
CPSS,2020-03-20 13:30:01.359843,1.86,E11_VolumeBounce,"[-3,+3]",2020-03-20
TMSR,2020-04-02 13:17:22.876308,1.42,E11_VolumeBounce,"[-3,+3]",2020-04-02
ATRC,2020-04-27 13:30:00.981309,38.52,E11_VolumeBounce,"[-3,+3]",2020-04-27
DISCB,2020-05-01 12:59:54.021086,54.22,E11_VolumeBounce,"[-3,+3]",2020-05-01
DCTH,2020-05-01 15:06:00.000454,3.77,E11_VolumeBounce,"[-3,+3]",2020-05-01
TNXP,2020-05-07 08:48:58.411304,0.83,E11_VolumeBounce,"[-3,+3]",2020-05-07
ITRM,2020-06-04 08:11:08.456371,1.48,E11_VolumeBounce,"[-3,+3]",2020-06-04
GRIL,2020-06-11 11:45:13.321388,2.4,E11_VolumeBounce,"[-3,+3]",2020-06-11
CPSS,2020-06-12 13:30:00.360213,2.73,E11_VolumeBounce,"[-3,+3]",2020-06-12
OSS,2020-06-15 12:31:49.279056,1.99,E11_VolumeBounce,"[-3,+3]",2020-06-15
UONEK,2020-06-15 13:04:05.914928,1.46,E11_VolumeBounce,"[-3,+3]",2020-06-15
GRIL,2020-06-23 12:56:02.820421,2.5299,E11_VolumeBounce,"[-3,+3]",2020-06-23
EIGR,2020-07-20 11:19:36.591996,10.25,E11_VolumeBounce,"[-3,+3]",2020-07-20
CPSS,2020-07-22 10:03:27.383889,3.29,E11_VolumeBounce,"[-3,+3]",2020-07-22
WOW,2020-07-22 13:30:00.695433,5.19,E11_VolumeBounce,"[-3,+3]",2020-07-22
HZN,2020-08-07 11:19:02.765181,4.84,E11_VolumeBounce,"[-3,+3]",2020-08-07
DISCB,2020-08-12 13:30:01.159340,38.01,E11_VolumeBounce,"[-3,+3]",2020-08-12
DSE,2020-08-18 12:06:48.587518,0.54,E11_VolumeBounce,"[-3,+3]",2020-08-18
EYPT,2020-08-20 11:00:19.259069,0.75,E11_VolumeBounce,"[-3,+3]",2020-08-20
UONEK,2020-08-25 08:27:08.501015,1.54,E11_VolumeBounce,"[-3,+3]",2020-08-25
TPX,2020-09-14 12:57:41.206866,89.35,E11_VolumeBounce,"[-3,+3]",2020-09-14
UONEK,2020-09-23 12:34:04.522606,0.8235,E11_VolumeBounce,"[-3,+3]",2020-09-23
IDT,2020-09-25 13:30:00.736156,5.97,E11_VolumeBounce,"[-3,+3]",2020-09-25
ATRC,2020-09-30 12:00:03.059876,39.49,E11_VolumeBounce,"[-3,+3]",2020-09-30
RCMT,2020-09-30 13:30:01.360371,1.46,E11_VolumeBounce,"[-3,+3]",2020-09-30
EYPT,2020-10-05 09:34:14.269780,0.54,E11_VolumeBounce,"[-3,+3]",2020-10-05
EYPT,2020-10-16 08:38:08.686301,0.4851,E11_VolumeBounce,"[-3,+3]",2020-10-16
NAII,2020-11-10 14:30:01.097587,9.3,E11_VolumeBounce,"[-3,+3]",2020-11-10
SLGL,2020-11-11 14:30:02.109164,8.7399,E11_VolumeBounce,"[-3,+3]",2020-11-11
WOW,2020-11-20 00:00:00.003048,7.05,E11_VolumeBounce,"[-3,+3]",2020-11-20
DISCB,2020-12-02 14:18:22.677058,31.48,E11_VolumeBounce,"[-3,+3]",2020-12-02
DCTH,2020-12-09 00:07:42.492699,14.4699,E11_VolumeBounce,"[-3,+3]",2020-12-09
WOW,2020-12-18 00:00:00.003249,9.07,E11_VolumeBounce,"[-3,+3]",2020-12-18
RCMT,2020-12-28 12:01:31.817750,1.99,E11_VolumeBounce,"[-3,+3]",2020-12-28
TACT,2021-02-02 14:30:02.377021,9.205,E11_VolumeBounce,"[-3,+3]",2021-02-02
HZN,2021-02-12 00:00:00.000960,9.94,E11_VolumeBounce,"[-3,+3]",2021-02-12
RCMT,2021-03-25 09:56:25.341036,3.34,E11_VolumeBounce,"[-3,+3]",2021-03-25
DISCB,2021-03-29 09:03:21.019214,57.99,E11_VolumeBounce,"[-3,+3]",2021-03-29
NAII,2021-04-12 13:30:01.358946,17.0,E11_VolumeBounce,"[-3,+3]",2021-04-12
NAII,2021-04-16 13:25:35.027035,17.2937,E11_VolumeBounce,"[-3,+3]",2021-04-16
TNXP,2021-04-19 08:00:05.950373,1.03,E11_VolumeBounce,"[-3,+3]",2021-04-19
ALF,2021-05-05 08:00:00.067094,3.01,E11_VolumeBounce,"[-3,+3]",2021-05-05
SLGL,2021-06-25 11:54:41.749717,13.17,E11_VolumeBounce,"[-3,+3]",2021-06-25
NAII,2021-06-28 13:30:01.007350,14.09,E11_VolumeBounce,"[-3,+3]",2021-06-28
WOW,2021-06-30 10:00:29.077390,20.0,E11_VolumeBounce,"[-3,+3]",2021-06-30
LPSN,2021-07-19 08:00:07.673947,54.57,E11_VolumeBounce,"[-3,+3]",2021-07-19
SBNY,2021-07-20 12:34:50.214442,229.0,E11_VolumeBounce,"[-3,+3]",2021-07-20
RCMT,2021-07-28 13:30:00.022999,4.96,E11_VolumeBounce,"[-3,+3]",2021-07-28
LPSN,2021-08-04 08:00:08.487776,58.0,E11_VolumeBounce,"[-3,+3]",2021-08-04
MGPI,2021-08-04 11:43:40.859778,64.25,E11_VolumeBounce,"[-3,+3]",2021-08-04
TWIN,2021-08-04 12:54:14.608132,15.34,E11_VolumeBounce,"[-3,+3]",2021-08-04
ATRC,2021-08-05 10:06:05.525807,81.41,E11_VolumeBounce,"[-3,+3]",2021-08-05
BIMI,2021-10-25 08:00:55.701717,0.6,E11_VolumeBounce,"[-3,+3]",2021-10-25
GRIL,2021-10-29 10:16:52.913604,1.29,E11_VolumeBounce,"[-3,+3]",2021-10-29
RCMT,2021-11-15 14:17:44.091331,6.57,E11_VolumeBounce,"[-3,+3]",2021-11-15
SND,2021-12-15 14:30:01.975228,1.8,E11_VolumeBounce,"[-3,+3]",2021-12-15
TACT,2022-01-06 14:30:00.308400,10.14,E11_VolumeBounce,"[-3,+3]",2022-01-06
NAII,2022-01-11 14:30:01.022037,13.36,E11_VolumeBounce,"[-3,+3]",2022-01-11
EOLS,2022-01-14 13:49:34.171969,5.0,E11_VolumeBounce,"[-3,+3]",2022-01-14
EIGR,2022-01-24 13:54:47.081750,4.1,E11_VolumeBounce,"[-3,+3]",2022-01-24
BIMI,2022-02-11 00:28:38.186343,1.71,E11_VolumeBounce,"[-3,+3]",2022-02-11
HZN,2022-02-14 09:37:10.239541,5.8,E11_VolumeBounce,"[-3,+3]",2022-02-14
WOW,2022-02-24 00:00:00.003535,17.62,E11_VolumeBounce,"[-3,+3]",2022-02-24
DCTH,2022-03-09 14:30:01.713896,5.75,E11_VolumeBounce,"[-3,+3]",2022-03-09
TACT,2022-04-01 13:30:01.877695,7.1,E11_VolumeBounce,"[-3,+3]",2022-04-01
NAII,2022-04-19 14:08:07.939030,10.1294,E11_VolumeBounce,"[-3,+3]",2022-04-19
EOLS,2022-05-11 10:42:17.404062,10.89,E11_VolumeBounce,"[-3,+3]",2022-05-11
GRIL,2022-05-13 08:15:32.133828,0.4202,E11_VolumeBounce,"[-3,+3]",2022-05-13
TNXP,2022-05-19 08:00:00.053610,2.08,E11_VolumeBounce,"[-3,+3]",2022-05-19
NAII,2022-06-22 13:30:01.931218,10.49,E11_VolumeBounce,"[-3,+3]",2022-06-22
CPSS,2022-06-24 13:30:00.996961,10.5,E11_VolumeBounce,"[-3,+3]",2022-06-24
ITRM,2022-06-29 08:13:02.894152,0.22,E11_VolumeBounce,"[-3,+3]",2022-06-29
WOW,2022-08-03 13:30:00.690896,17.77,E11_VolumeBounce,"[-3,+3]",2022-08-03
BIMI,2022-08-08 08:25:15.445915,0.8192,E11_VolumeBounce,"[-3,+3]",2022-08-08
RCMT,2022-08-15 08:00:01.350298,14.3,E11_VolumeBounce,"[-3,+3]",2022-08-15
TWIN,2022-09-01 13:30:00.531133,11.356,E11_VolumeBounce,"[-3,+3]",2022-09-01
SLGL,2022-09-27 12:47:30.817449,4.89,E11_VolumeBounce,"[-3,+3]",2022-09-27
CGNT,2022-09-28 09:37:33.284909,4.295,E11_VolumeBounce,"[-3,+3]",2022-09-28
DCTH,2022-10-13 13:30:01.074518,2.35,E11_VolumeBounce,"[-3,+3]",2022-10-13
ALF,2022-10-17 08:00:00.063202,0.28,E11_VolumeBounce,"[-3,+3]",2022-10-17
HZN,2022-10-18 12:04:35.506846,0.81,E11_VolumeBounce,"[-3,+3]",2022-10-18
UONEK,2022-10-18 13:10:58.338366,3.68,E11_VolumeBounce,"[-3,+3]",2022-10-18
TACT,2022-10-25 13:30:00.607598,3.79,E11_VolumeBounce,"[-3,+3]",2022-10-25
EOLS,2022-11-07 12:15:17.551854,7.75,E11_VolumeBounce,"[-3,+3]",2022-11-07
BIMI,2022-11-10 00:59:54.522294,0.2326,E11_VolumeBounce,"[-3,+3]",2022-11-10
GRIL,2022-11-18 00:43:32.464622,0.38,E11_VolumeBounce,"[-3,+3]",2022-11-18
BIMI,2022-12-09 00:02:21.791741,0.3,E11_VolumeBounce,"[-3,+3]",2022-12-09
OSS,2022-12-20 14:17:08.420650,2.7,E11_VolumeBounce,"[-3,+3]",2022-12-20
TWIN,2023-02-03 14:28:26.395055,10.25,E11_VolumeBounce,"[-3,+3]",2023-02-03
EIGR,2023-02-09 00:01:18.413487,2.14,E11_VolumeBounce,"[-3,+3]",2023-02-09
ASTI,2023-02-10 00:08:22.607094,0.8602,E11_VolumeBounce,"[-3,+3]",2023-02-10
SND,2023-02-10 00:19:01.464575,1.69,E11_VolumeBounce,"[-3,+3]",2023-02-10
OSS,2023-03-24 12:01:59.635384,2.69,E11_VolumeBounce,"[-3,+3]",2023-03-24
SBNY,2023-03-29 12:01:03.102798,0.15,E11_VolumeBounce,"[-3,+3]",2023-03-29
VAXX,2023-04-26 12:00:00.106735,2.08,E11_VolumeBounce,"[-3,+3]",2023-04-26
RCMT,2023-05-01 11:13:45.157198,11.64,E11_VolumeBounce,"[-3,+3]",2023-05-01
EIGR,2023-06-30 10:23:25.740949,0.6099,E11_VolumeBounce,"[-3,+3]",2023-06-30
AENT,2023-07-14 09:10:20.950280,2.996,E11_VolumeBounce,"[-3,+3]",2023-07-14
OSS,2023-07-28 12:01:52.322046,2.99,E11_VolumeBounce,"[-3,+3]",2023-07-28
TNXP,2023-08-07 11:00:00.174151,0.9699,E11_VolumeBounce,"[-3,+3]",2023-08-07
ZAPP,2023-08-10 11:02:19.654801,1.49,E11_VolumeBounce,"[-3,+3]",2023-08-10
DCTH,2023-08-11 09:24:28.913585,3.29,E11_VolumeBounce,"[-3,+3]",2023-08-11
ASTI,2023-08-21 08:00:01.543306,0.0532,E11_VolumeBounce,"[-3,+3]",2023-08-21
NAII,2023-08-21 13:29:59.003713,6.6,E11_VolumeBounce,"[-3,+3]",2023-08-21
ZAPP,2023-08-28 10:00:00.084743,1.7,E11_VolumeBounce,"[-3,+3]",2023-08-28
TNXP,2023-09-29 08:01:24.758992,0.52,E11_VolumeBounce,"[-3,+3]",2023-09-29
IDT,2023-10-03 13:30:00.929309,22.045,E11_VolumeBounce,"[-3,+3]",2023-10-03
NAII,2023-10-20 11:15:37.642316,5.9,E11_VolumeBounce,"[-3,+3]",2023-10-20
ASTI,2023-10-23 08:00:22.493075,1.42,E11_VolumeBounce,"[-3,+3]",2023-10-23
SLGL,2023-10-30 12:45:57.228984,1.27,E11_VolumeBounce,"[-3,+3]",2023-10-30
ZAPP,2023-11-09 00:06:38.791351,0.3,E11_VolumeBounce,"[-3,+3]",2023-11-09
UONEK,2023-11-09 00:16:56.913764,3.66,E11_VolumeBounce,"[-3,+3]",2023-11-09
TACT,2023-11-14 09:03:21.685686,6.9,E11_VolumeBounce,"[-3,+3]",2023-11-14
SLGL,2023-12-14 14:30:00.140624,1.02,E11_VolumeBounce,"[-3,+3]",2023-12-14
CRD.A,2023-12-21 00:00:00.003702,12.03,E11_VolumeBounce,"[-3,+3]",2023-12-21
AENT,2024-01-16 14:25:31.723658,1.29,E11_VolumeBounce,"[-3,+3]",2024-01-16
NAII,2024-01-18 14:44:35.708117,6.25,E11_VolumeBounce,"[-3,+3]",2024-01-18
CGNT,2024-01-19 00:05:34.861692,5.825,E11_VolumeBounce,"[-3,+3]",2024-01-19
BIMI,2024-01-22 13:00:00.196834,2.77,E11_VolumeBounce,"[-3,+3]",2024-01-22
SLGL,2024-02-09 14:30:00.610468,1.3,E11_VolumeBounce,"[-3,+3]",2024-02-09
TYGO,2024-02-14 00:21:06.043494,1.61,E11_VolumeBounce,"[-3,+3]",2024-02-14
UONEK,2024-02-29 13:00:02.781489,2.88,E11_VolumeBounce,"[-3,+3]",2024-02-29
EIGR,2024-03-01 12:00:00.019933,7.0,E11_VolumeBounce,"[-3,+3]",2024-03-01
VAXX,2024-03-07 00:05:24.398130,0.75,E11_VolumeBounce,"[-3,+3]",2024-03-07
RCMT,2024-03-15 11:56:06.213673,21.87,E11_VolumeBounce,"[-3,+3]",2024-03-15
SGMT,2024-03-25 10:11:06.146472,4.75,E11_VolumeBounce,"[-3,+3]",2024-03-25
DCTH,2024-03-27 11:15:25.401564,4.61,E11_VolumeBounce,"[-3,+3]",2024-03-27
EIGR,2024-04-03 08:11:36.375000,1.58,E11_VolumeBounce,"[-3,+3]",2024-04-03
ASTI,2024-04-11 08:04:05.597529,0.14,E11_VolumeBounce,"[-3,+3]",2024-04-11
LRHC,2024-04-17 11:00:18.463394,1.69,E11_VolumeBounce,"[-3,+3]",2024-04-17
ZAPP,2024-04-22 08:00:00.015281,0.2783,E11_VolumeBounce,"[-3,+3]",2024-04-22
ZAPP,2024-04-29 08:43:03.100099,3.6,E11_VolumeBounce,"[-3,+3]",2024-04-29
VAXX,2024-04-29 09:07:04.058848,0.1749,E11_VolumeBounce,"[-3,+3]",2024-04-29
VAXX,2024-05-02 09:26:14.615665,0.1029,E11_VolumeBounce,"[-3,+3]",2024-05-02
ASTI,2024-05-08 08:29:24.052622,0.113,E11_VolumeBounce,"[-3,+3]",2024-05-08
ASTI,2024-05-14 08:00:00.035030,0.1144,E11_VolumeBounce,"[-3,+3]",2024-05-14
ITRM,2024-05-31 11:40:49.284758,1.4299,E11_VolumeBounce,"[-3,+3]",2024-05-31
LRHC,2024-06-03 12:19:31.323715,1.3,E11_VolumeBounce,"[-3,+3]",2024-06-03
OSS,2024-06-10 08:18:47.460990,2.4373,E11_VolumeBounce,"[-3,+3]",2024-06-10
UONEK,2024-06-10 13:30:00.453769,1.8,E11_VolumeBounce,"[-3,+3]",2024-06-10
TNXP,2024-06-13 08:00:00.014475,1.11,E11_VolumeBounce,"[-3,+3]",2024-06-13
ATRC,2024-06-18 10:58:43.853250,19.72,E11_VolumeBounce,"[-3,+3]",2024-06-18
ASTI,2024-07-08 08:01:38.621059,0.1036,E11_VolumeBounce,"[-3,+3]",2024-07-08
TYGO,2024-07-10 10:18:12.316999,1.71,E11_VolumeBounce,"[-3,+3]",2024-07-10
SLGL,2024-07-12 13:30:00.843477,0.9498,E11_VolumeBounce,"[-3,+3]",2024-07-12
BIMI,2024-08-01 08:00:00.026617,0.3789,E11_VolumeBounce,"[-3,+3]",2024-08-01
TACT,2024-08-02 14:18:56.195276,3.63,E11_VolumeBounce,"[-3,+3]",2024-08-02
TORO,2024-08-05 09:17:45.364247,3.1299,E11_VolumeBounce,"[-3,+3]",2024-08-05
ASTI,2024-08-16 08:00:00.240557,2.86,E11_VolumeBounce,"[-3,+3]",2024-08-16
AENT,2024-09-04 13:30:00.582624,1.43,E11_VolumeBounce,"[-3,+3]",2024-09-04
SGMT,2024-09-09 10:44:48.203531,2.95,E11_VolumeBounce,"[-3,+3]",2024-09-09
TYGO,2024-09-16 13:30:00.832040,1.57,E11_VolumeBounce,"[-3,+3]",2024-09-16
LRHC,2024-09-27 08:10:29.415873,0.65,E11_VolumeBounce,"[-3,+3]",2024-09-27
PRFT,2024-10-01 12:49:14.828441,75.98,E11_VolumeBounce,"[-3,+3]",2024-10-01
VAXX,2024-10-02 13:30:05.238426,0.02,E11_VolumeBounce,"[-3,+3]",2024-10-02
ZCAR,2024-10-24 08:03:56.064092,6.25,E11_VolumeBounce,"[-3,+3]",2024-10-24
ATRC,2024-10-28 08:37:33.036143,28.32,E11_VolumeBounce,"[-3,+3]",2024-10-28
EYPT,2024-10-28 11:00:40.436043,10.68,E11_VolumeBounce,"[-3,+3]",2024-10-28
GVH,2024-10-30 12:00:00.234309,0.9199,E11_VolumeBounce,"[-3,+3]",2024-10-30
QDEL,2024-11-08 00:03:56.626576,41.75,E11_VolumeBounce,"[-3,+3]",2024-11-08
LRHC,2024-11-20 00:05:03.318634,0.8899,E11_VolumeBounce,"[-3,+3]",2024-11-20
CGNT,2025-01-15 13:48:35.414380,9.21,E11_VolumeBounce,"[-3,+3]",2025-01-15
AGM,2025-02-21 00:00:00.004351,195.67,E11_VolumeBounce,"[-3,+3]",2025-02-21
SND,2025-03-05 00:14:03.524542,2.0999,E11_VolumeBounce,"[-3,+3]",2025-03-05
TACT,2025-03-05 14:30:00.322983,3.89,E11_VolumeBounce,"[-3,+3]",2025-03-05
UONEK,2025-03-07 14:30:01.113492,0.6799,E11_VolumeBounce,"[-3,+3]",2025-03-07
NAII,2025-03-18 13:31:46.820171,3.53,E11_VolumeBounce,"[-3,+3]",2025-03-18
TYGO,2025-04-08 08:35:49.186319,0.7665,E11_VolumeBounce,"[-3,+3]",2025-04-08
SLGL,2025-05-06 11:34:14.272736,5.2994,E11_VolumeBounce,"[-3,+3]",2025-05-06
TYGO,2025-05-07 08:02:29.465914,0.92,E11_VolumeBounce,"[-3,+3]",2025-05-07
DCTH,2025-05-08 08:30:19.398680,12.74,E11_VolumeBounce,"[-3,+3]",2025-05-08
TACT,2025-05-16 11:38:39.317943,3.76,E11_VolumeBounce,"[-3,+3]",2025-05-16
LRHC,2025-05-30 08:01:41.151163,0.1302,E11_VolumeBounce,"[-3,+3]",2025-05-30
OSS,2025-06-04 11:00:05.654042,3.0889,E11_VolumeBounce,"[-3,+3]",2025-06-04
TYGO,2025-06-09 12:51:34.399891,1.16,E11_VolumeBounce,"[-3,+3]",2025-06-09
SLGL,2025-06-12 13:30:00.954825,11.91,E11_VolumeBounce,"[-3,+3]",2025-06-12
TWIN,2025-06-27 11:01:51.699861,9.26,E11_VolumeBounce,"[-3,+3]",2025-06-27
TYGO,2025-07-29 08:05:06.011910,1.7,E11_VolumeBounce,"[-3,+3]",2025-07-29
UONEK,2025-09-04 12:00:03.550167,0.92,E11_VolumeBounce,"[-3,+3]",2025-09-04
AENT,2025-09-10 11:14:14.890365,6.2981,E11_VolumeBounce,"[-3,+3]",2025-09-10
