combo,event1,event2,horizon,n_signals,win_rate,mean_ret,std_ret,sharpe
E5_BreakoutATH + E9_CrashIntraday,E5_BreakoutATH,E9_CrashIntraday,ret_1d,245,0.2693877551020408,-0.08338724396096557,0.31555272491952885,-0.26425772105828177
E5_BreakoutATH + E9_CrashIntraday,E5_BreakoutATH,E9_CrashIntraday,ret_3d,242,0.21487603305785125,-0.14290574459572217,0.410780946969873,-0.34788795743781903
E5_BreakoutATH + E9_CrashIntraday,E5_BreakoutATH,E9_CrashIntraday,ret_5d,240,0.225,-0.10727880099604009,1.2244943097314573,-0.08761069785580898
E5_BreakoutATH + E9_CrashIntraday,E5_BreakoutATH,E9_CrashIntraday,ret_10d,237,0.20253164556962025,-0.15638437449284265,0.8783486102073256,-0.17804362946043673
E5_BreakoutATH + E2_GapUp,E5_BreakoutATH,E2_GapUp,ret_1d,2583,0.4370886566008517,-0.009527718922287952,0.14072193442708122,-0.06770599737047382
E5_BreakoutATH + E2_GapUp,E5_BreakoutATH,E2_GapUp,ret_3d,2575,0.44970873786407767,-0.007506109968554307,0.28322450405576005,-0.02650233246441323
E5_BreakoutATH + E2_GapUp,E5_BreakoutATH,E2_GapUp,ret_5d,2562,0.45081967213114754,-0.00678356497936186,0.3088887473298837,-0.02196119165233695
E5_BreakoutATH + E2_GapUp,E5_BreakoutATH,E2_GapUp,ret_10d,2542,0.46420141620771044,-0.008780768008821459,0.30738874196874105,-0.028565678601574784
E5_BreakoutATH + E8_GapDownViolent,E5_BreakoutATH,E8_GapDownViolent,ret_1d,82,0.3048780487804878,-0.0527200200080246,0.13401878038998463,-0.3933778523772063
E5_BreakoutATH + E8_GapDownViolent,E5_BreakoutATH,E8_GapDownViolent,ret_3d,81,0.32098765432098764,-0.0453657714889255,0.14812180406470263,-0.30627341987482687
E5_BreakoutATH + E8_GapDownViolent,E5_BreakoutATH,E8_GapDownViolent,ret_5d,80,0.4,0.059384996759440034,1.1209161880504455,0.052978980402384454
E5_BreakoutATH + E8_GapDownViolent,E5_BreakoutATH,E8_GapDownViolent,ret_10d,80,0.35,0.05584892409583998,1.0579430810971233,0.05279010288334485
E5_BreakoutATH + E1_VolExplosion,E5_BreakoutATH,E1_VolExplosion,ret_1d,12338,0.43783433295509805,-0.004458142633483347,0.16235863543269521,-0.027458611127163874
E5_BreakoutATH + E1_VolExplosion,E5_BreakoutATH,E1_VolExplosion,ret_3d,12269,0.4725731518461162,-0.005205810056195053,0.1835443988363258,-0.028362674585549683
E5_BreakoutATH + E1_VolExplosion,E5_BreakoutATH,E1_VolExplosion,ret_5d,12214,0.48608154576715246,-0.004631588214650399,0.22445982902508319,-0.020634374688634476
E5_BreakoutATH + E1_VolExplosion,E5_BreakoutATH,E1_VolExplosion,ret_10d,12112,0.505779392338177,-0.003171313397101653,0.24883247376743312,-0.012744773015702385
E5_BreakoutATH + E11_VolumeBounce,E5_BreakoutATH,E11_VolumeBounce,ret_1d,2628,0.4509132420091324,-0.004887519577300037,0.08792185280928315,-0.055589360564339614
E5_BreakoutATH + E11_VolumeBounce,E5_BreakoutATH,E11_VolumeBounce,ret_3d,2613,0.4714887102946804,-0.005606624263361926,0.12531197113402218,-0.04474133007903607
E5_BreakoutATH + E11_VolumeBounce,E5_BreakoutATH,E11_VolumeBounce,ret_5d,2608,0.4758435582822086,-0.00585022739132419,0.13666298385870612,-0.0428076954427737
E5_BreakoutATH + E11_VolumeBounce,E5_BreakoutATH,E11_VolumeBounce,ret_10d,2591,0.48745658047086066,-0.001562929936012979,0.1988644787628808,-0.00785927152871058
E5_BreakoutATH + E4_Parabolic,E5_BreakoutATH,E4_Parabolic,ret_1d,8260,0.4016949152542373,-0.011726043361081434,0.2275659438338364,-0.051528111647688064
E5_BreakoutATH + E4_Parabolic,E5_BreakoutATH,E4_Parabolic,ret_3d,8224,0.3954280155642023,-0.019429425168572635,0.2952501189877689,-0.06580666329681488
E5_BreakoutATH + E4_Parabolic,E5_BreakoutATH,E4_Parabolic,ret_5d,8193,0.3996094226778958,-0.021413322440071023,0.4104632805267625,-0.05216866759090003
E5_BreakoutATH + E4_Parabolic,E5_BreakoutATH,E4_Parabolic,ret_10d,8131,0.4110195547903087,-0.028471264097285266,0.41154885293418186,-0.06918076406797473
E5_BreakoutATH + E6_MultipleGreenDays,E5_BreakoutATH,E6_MultipleGreenDays,ret_1d,145901,0.4727109478344905,-0.0005278802750518486,0.07655077758400936,-0.006895818588812312
E5_BreakoutATH + E6_MultipleGreenDays,E5_BreakoutATH,E6_MultipleGreenDays,ret_3d,145655,0.47669492979986955,-0.0004298095221905631,0.1239622058236439,-0.003467262617140228
E5_BreakoutATH + E6_MultipleGreenDays,E5_BreakoutATH,E6_MultipleGreenDays,ret_5d,145407,0.47966741628669873,-0.00021874534859274658,0.139742749983634,-0.0015653430937802855
E5_BreakoutATH + E6_MultipleGreenDays,E5_BreakoutATH,E6_MultipleGreenDays,ret_10d,144906,0.49514167805335874,0.0007495922642424548,0.1531247244338511,0.004895305229210544
E5_BreakoutATH + E7_FirstRedDay,E5_BreakoutATH,E7_FirstRedDay,ret_1d,203,0.43349753694581283,-0.012360890131568563,0.10038921771081637,-0.12312965887607218
E5_BreakoutATH + E7_FirstRedDay,E5_BreakoutATH,E7_FirstRedDay,ret_3d,203,0.4088669950738916,-0.015889638076953382,0.15493220747480543,-0.10255865023763573
E5_BreakoutATH + E7_FirstRedDay,E5_BreakoutATH,E7_FirstRedDay,ret_5d,203,0.43842364532019706,0.00020968921947331695,0.19099571533507295,0.0010978739450015886
E5_BreakoutATH + E7_FirstRedDay,E5_BreakoutATH,E7_FirstRedDay,ret_10d,202,0.4306930693069307,-0.010643850968377704,0.2717855849320855,-0.039162676604196714
E5_BreakoutATH + E10_FirstGreenBounce,E5_BreakoutATH,E10_FirstGreenBounce,ret_1d,9250,0.43664864864864866,-0.0028332593606089644,0.050663499384045185,-0.05592308851648741
E5_BreakoutATH + E10_FirstGreenBounce,E5_BreakoutATH,E10_FirstGreenBounce,ret_3d,9224,0.4629228100607112,-0.0032730979943893907,0.07856357273977324,-0.041661776320062474
E5_BreakoutATH + E10_FirstGreenBounce,E5_BreakoutATH,E10_FirstGreenBounce,ret_5d,9197,0.47058823529411764,-0.003655515968522319,0.08785143087346393,-0.04161020409317533
E5_BreakoutATH + E10_FirstGreenBounce,E5_BreakoutATH,E10_FirstGreenBounce,ret_10d,9142,0.4797637278494859,-0.003962079450605325,0.11425848701340523,-0.034676456464371695
E5_BreakoutATH + E3_PriceSpikeIntraday,E5_BreakoutATH,E3_PriceSpikeIntraday,ret_1d,8878,0.38646091462041,-0.01724268458906698,0.23136543021767877,-0.07452576027820709
E5_BreakoutATH + E3_PriceSpikeIntraday,E5_BreakoutATH,E3_PriceSpikeIntraday,ret_3d,8826,0.3929299796057104,-0.021796966444376203,0.2819664312669837,-0.07730340929746157
E5_BreakoutATH + E3_PriceSpikeIntraday,E5_BreakoutATH,E3_PriceSpikeIntraday,ret_5d,8787,0.39763286673494935,-0.022067219323746806,0.3914659766802795,-0.05637072092671206
E5_BreakoutATH + E3_PriceSpikeIntraday,E5_BreakoutATH,E3_PriceSpikeIntraday,ret_10d,8706,0.40029864461291065,-0.027548128441593378,0.4028240957967035,-0.06838748905302904
E9_CrashIntraday + E2_GapUp,E9_CrashIntraday,E2_GapUp,ret_1d,4737,0.4228414608401942,7.816302170769668,203.7510104386355,0.03836202899775918
E9_CrashIntraday + E2_GapUp,E9_CrashIntraday,E2_GapUp,ret_3d,4696,0.43228279386712093,16.373952471175546,312.95111365078344,0.05232111904048677
E9_CrashIntraday + E2_GapUp,E9_CrashIntraday,E2_GapUp,ret_5d,4654,0.43618392780403953,16.474704515132263,301.08625781473967,0.05471755713696258
E9_CrashIntraday + E2_GapUp,E9_CrashIntraday,E2_GapUp,ret_10d,4577,0.42473235743937077,18.77860468559061,330.20961334073604,0.05686874011815453
E9_CrashIntraday + E8_GapDownViolent,E9_CrashIntraday,E8_GapDownViolent,ret_1d,816,0.38848039215686275,615.2109536616246,17503.39051735776,0.035148101909257656
E9_CrashIntraday + E8_GapDownViolent,E9_CrashIntraday,E8_GapDownViolent,ret_3d,796,0.38819095477386933,659.7360055137801,18220.275855604883,0.03620889226607585
E9_CrashIntraday + E8_GapDownViolent,E9_CrashIntraday,E8_GapDownViolent,ret_5d,784,0.38392857142857145,642.1554754864437,17856.9800554258,0.035961034480257836
E9_CrashIntraday + E8_GapDownViolent,E9_CrashIntraday,E8_GapDownViolent,ret_10d,751,0.3914780292942743,271.4944974643244,7297.945549058366,0.03720149672798732
E9_CrashIntraday + E1_VolExplosion,E9_CrashIntraday,E1_VolExplosion,ret_1d,7136,0.38158632286995514,2.4168032386678115,177.71448622125152,0.013599359793657635
E9_CrashIntraday + E1_VolExplosion,E9_CrashIntraday,E1_VolExplosion,ret_3d,7062,0.3792126876239026,3.4915310083754503,189.48879082508043,0.018426055668899845
E9_CrashIntraday + E1_VolExplosion,E9_CrashIntraday,E1_VolExplosion,ret_5d,6996,0.3759291023441967,5.056832815570887,224.898955609316,0.022484910176085397
E9_CrashIntraday + E1_VolExplosion,E9_CrashIntraday,E1_VolExplosion,ret_10d,6819,0.3785012465170846,3.3105839122526675,137.882370854044,0.024010204435468408
E9_CrashIntraday + E11_VolumeBounce,E9_CrashIntraday,E11_VolumeBounce,ret_1d,94,0.48936170212765956,-0.00975660145065568,0.19177182333968118,-0.0508760947293807
E9_CrashIntraday + E11_VolumeBounce,E9_CrashIntraday,E11_VolumeBounce,ret_3d,94,0.3829787234042553,-0.011429734268692407,0.4588231261414901,-0.02491098119837959
E9_CrashIntraday + E11_VolumeBounce,E9_CrashIntraday,E11_VolumeBounce,ret_5d,93,0.34408602150537637,-0.07449802961305768,0.321899698310034,-0.2314324306738112
E9_CrashIntraday + E11_VolumeBounce,E9_CrashIntraday,E11_VolumeBounce,ret_10d,91,0.31868131868131866,-0.03291038594704714,0.44839961229644226,-0.07339521499249134
E9_CrashIntraday + E4_Parabolic,E9_CrashIntraday,E4_Parabolic,ret_1d,2736,0.3366228070175439,0.33158267332967356,7.516360607968584,0.044114790471620154
E9_CrashIntraday + E4_Parabolic,E9_CrashIntraday,E4_Parabolic,ret_3d,2702,0.34381939304219095,0.7419003470281268,13.981552043138885,0.053062803381130834
E9_CrashIntraday + E4_Parabolic,E9_CrashIntraday,E4_Parabolic,ret_5d,2672,0.32110778443113774,0.8448627774217546,14.722158133289124,0.05738715545456522
E9_CrashIntraday + E4_Parabolic,E9_CrashIntraday,E4_Parabolic,ret_10d,2624,0.29839939024390244,1.909990553655087,30.707705000764477,0.06219906546606258
E9_CrashIntraday + E6_MultipleGreenDays,E9_CrashIntraday,E6_MultipleGreenDays,ret_1d,197,0.38578680203045684,-0.06215258610064285,0.3270886766329707,-0.1900175412381666
E9_CrashIntraday + E6_MultipleGreenDays,E9_CrashIntraday,E6_MultipleGreenDays,ret_3d,193,0.3316062176165803,-0.06627210112021899,0.5692826563006327,-0.11641335000590872
E9_CrashIntraday + E6_MultipleGreenDays,E9_CrashIntraday,E6_MultipleGreenDays,ret_5d,190,0.25263157894736843,-0.08190387940355844,0.7323949513472849,-0.11183020753063805
E9_CrashIntraday + E6_MultipleGreenDays,E9_CrashIntraday,E6_MultipleGreenDays,ret_10d,186,0.27956989247311825,3.7086490913530112,46.90326709633208,0.07907016549051941
E9_CrashIntraday + E7_FirstRedDay,E9_CrashIntraday,E7_FirstRedDay,ret_1d,1233,0.38037307380373075,0.012071709678292325,0.52730851253458,0.022893068083175847
E9_CrashIntraday + E7_FirstRedDay,E9_CrashIntraday,E7_FirstRedDay,ret_3d,1221,0.3882063882063882,0.03871671551977947,1.0210894019098682,0.03791706724931516
E9_CrashIntraday + E7_FirstRedDay,E9_CrashIntraday,E7_FirstRedDay,ret_5d,1209,0.3573200992555831,1.1567962374517857,35.311956276554916,0.03275933591421643
E9_CrashIntraday + E7_FirstRedDay,E9_CrashIntraday,E7_FirstRedDay,ret_10d,1188,0.31565656565656564,1.254038949315821,37.14099886781382,0.033764276339981907
E9_CrashIntraday + E10_FirstGreenBounce,E9_CrashIntraday,E10_FirstGreenBounce,ret_1d,174,0.40229885057471265,-0.020305256045428707,0.1976176112053686,-0.10275023527294354
E9_CrashIntraday + E10_FirstGreenBounce,E9_CrashIntraday,E10_FirstGreenBounce,ret_3d,172,0.38372093023255816,-0.05067399777041258,0.2772563505506296,-0.18276947550443587
E9_CrashIntraday + E10_FirstGreenBounce,E9_CrashIntraday,E10_FirstGreenBounce,ret_5d,171,0.4619883040935672,-0.02502665664978143,0.3816010948598695,-0.06558329361966755
E9_CrashIntraday + E10_FirstGreenBounce,E9_CrashIntraday,E10_FirstGreenBounce,ret_10d,167,0.4311377245508982,0.0003362396881566288,0.5201127160133515,0.0006464746540594047
E9_CrashIntraday + E3_PriceSpikeIntraday,E9_CrashIntraday,E3_PriceSpikeIntraday,ret_1d,2736,0.36330409356725146,0.5070551952313992,7.69334095085681,0.06590832233620535
E9_CrashIntraday + E3_PriceSpikeIntraday,E9_CrashIntraday,E3_PriceSpikeIntraday,ret_3d,2684,0.3435171385991058,1.0592939081395623,22.246688129559367,0.04761580249475738
E9_CrashIntraday + E3_PriceSpikeIntraday,E9_CrashIntraday,E3_PriceSpikeIntraday,ret_5d,2650,0.3230188679245283,1.3326975952697817,25.041139814484346,0.05322032483916408
E9_CrashIntraday + E3_PriceSpikeIntraday,E9_CrashIntraday,E3_PriceSpikeIntraday,ret_10d,2586,0.308584686774942,1.4749669382964572,26.162949732909958,0.05637617139328597
E2_GapUp + E1_VolExplosion,E2_GapUp,E1_VolExplosion,ret_1d,7511,0.40527226734123284,0.12353399608320509,3.723225948310489,0.033179290700652175
E2_GapUp + E1_VolExplosion,E2_GapUp,E1_VolExplosion,ret_3d,7488,0.41199252136752135,1.163650605139552,61.92935560259756,0.018789967920976463
E2_GapUp + E1_VolExplosion,E2_GapUp,E1_VolExplosion,ret_5d,7471,0.4078436621603534,1.2602981421237585,62.159208813134406,0.02027532470550774
E2_GapUp + E1_VolExplosion,E2_GapUp,E1_VolExplosion,ret_10d,7419,0.4111066181426068,0.6389716759672992,22.958053950673758,0.027832135830857176
E2_GapUp + E11_VolumeBounce,E2_GapUp,E11_VolumeBounce,ret_1d,1315,0.39543726235741444,-0.0037432284208335502,0.20582288454863168,-0.018186648336225717
E2_GapUp + E11_VolumeBounce,E2_GapUp,E11_VolumeBounce,ret_3d,1310,0.3801526717557252,-0.016195654290586246,0.25218856773506276,-0.06422041425605234
E2_GapUp + E11_VolumeBounce,E2_GapUp,E11_VolumeBounce,ret_5d,1307,0.3840856924254017,0.21223366503662602,8.486005433417013,0.025009843170836512
E2_GapUp + E11_VolumeBounce,E2_GapUp,E11_VolumeBounce,ret_10d,1299,0.3887605850654349,0.37765601368469837,9.996803548549183,0.037777676819457644
E2_GapUp + E4_Parabolic,E2_GapUp,E4_Parabolic,ret_1d,6783,0.34925549167035236,0.12016434231730258,3.4153009203207554,0.035184115578903975
E2_GapUp + E4_Parabolic,E2_GapUp,E4_Parabolic,ret_3d,6729,0.33422499628473773,0.29880437556766776,6.044510069098406,0.04943401072243348
E2_GapUp + E4_Parabolic,E2_GapUp,E4_Parabolic,ret_5d,6676,0.33568004793289397,0.488267759009972,8.009484592933582,0.060961195860311575
E2_GapUp + E4_Parabolic,E2_GapUp,E4_Parabolic,ret_10d,6562,0.33892106065224015,0.9654121961086489,18.830751423717185,0.0512678530126376
E2_GapUp + E6_MultipleGreenDays,E2_GapUp,E6_MultipleGreenDays,ret_1d,1580,0.4,0.0032335617062999433,0.8716554283250152,0.0037096788492599637
E2_GapUp + E6_MultipleGreenDays,E2_GapUp,E6_MultipleGreenDays,ret_3d,1573,0.3820724729815639,-0.027824673737839877,0.2429280837260057,-0.11453872813331388
E2_GapUp + E6_MultipleGreenDays,E2_GapUp,E6_MultipleGreenDays,ret_5d,1572,0.37213740458015265,-0.022850093163839423,0.3894298709713432,-0.05867575876202081
E2_GapUp + E6_MultipleGreenDays,E2_GapUp,E6_MultipleGreenDays,ret_10d,1564,0.40217391304347827,-0.0035387542927609057,0.8203244111127266,-0.004313847356999621
E2_GapUp + E7_FirstRedDay,E2_GapUp,E7_FirstRedDay,ret_1d,536,0.3805970149253731,-0.0052005964367353675,0.2068568013480169,-0.02514104638012776
E2_GapUp + E7_FirstRedDay,E2_GapUp,E7_FirstRedDay,ret_3d,530,0.37169811320754714,0.0057025825655103324,0.38716439424346766,0.014729098673067218
E2_GapUp + E7_FirstRedDay,E2_GapUp,E7_FirstRedDay,ret_5d,524,0.37786259541984735,0.2842219650345931,6.521209806794763,0.04358423873104781
E2_GapUp + E7_FirstRedDay,E2_GapUp,E7_FirstRedDay,ret_10d,518,0.3552123552123552,0.17489732119050322,4.369311148318931,0.040028580078988886
E2_GapUp + E10_FirstGreenBounce,E2_GapUp,E10_FirstGreenBounce,ret_1d,2367,0.41233629066328686,-0.00028717539316719517,0.2098792265574426,-0.0013682887910233322
E2_GapUp + E10_FirstGreenBounce,E2_GapUp,E10_FirstGreenBounce,ret_3d,2359,0.4077999152183128,0.10303056824164881,4.868846932520171,0.021161184500067865
E2_GapUp + E10_FirstGreenBounce,E2_GapUp,E10_FirstGreenBounce,ret_5d,2352,0.41156462585034015,0.11917057737675975,5.60457840022977,0.021263076161424404
E2_GapUp + E10_FirstGreenBounce,E2_GapUp,E10_FirstGreenBounce,ret_10d,2344,0.4112627986348123,0.3449389584444836,9.450959414644712,0.03649777163469607
E2_GapUp + E3_PriceSpikeIntraday,E2_GapUp,E3_PriceSpikeIntraday,ret_1d,5986,0.37721349816237887,0.13858802413742993,3.78572933775894,0.03660801176543453
E2_GapUp + E3_PriceSpikeIntraday,E2_GapUp,E3_PriceSpikeIntraday,ret_3d,5952,0.36038306451612906,0.33441593404153824,13.5130976456393,0.02474754070540257
E2_GapUp + E3_PriceSpikeIntraday,E2_GapUp,E3_PriceSpikeIntraday,ret_5d,5929,0.35587788834542083,0.6182381353739055,16.761597805170595,0.03688420057324083
E2_GapUp + E3_PriceSpikeIntraday,E2_GapUp,E3_PriceSpikeIntraday,ret_10d,5867,0.35452531106187146,0.6623406107617312,16.112950094246766,0.04110610452385279
E8_GapDownViolent + E1_VolExplosion,E8_GapDownViolent,E1_VolExplosion,ret_1d,1894,0.4012671594508976,3.2463476600642,115.2252966877268,0.02817391452557643
E8_GapDownViolent + E1_VolExplosion,E8_GapDownViolent,E1_VolExplosion,ret_3d,1878,0.40947816826411076,0.8707740295906617,12.550776823477108,0.06938009031933529
E8_GapDownViolent + E1_VolExplosion,E8_GapDownViolent,E1_VolExplosion,ret_5d,1867,0.39528655597214785,3.3545148407662055,116.1669421489121,0.028876673335053612
E8_GapDownViolent + E1_VolExplosion,E8_GapDownViolent,E1_VolExplosion,ret_10d,1841,0.40793047256925585,3.812655399827636,117.33640210544934,0.03249337231596066
E8_GapDownViolent + E11_VolumeBounce,E8_GapDownViolent,E11_VolumeBounce,ret_1d,351,0.452991452991453,0.015227199957787286,0.2104039278162898,0.07237127232283717
E8_GapDownViolent + E11_VolumeBounce,E8_GapDownViolent,E11_VolumeBounce,ret_3d,350,0.45714285714285713,0.07035702190068914,0.8730704598497481,0.08058573177793382
E8_GapDownViolent + E11_VolumeBounce,E8_GapDownViolent,E11_VolumeBounce,ret_5d,349,0.498567335243553,0.10621499841475839,1.0051930058268979,0.10566627284417202
E8_GapDownViolent + E11_VolumeBounce,E8_GapDownViolent,E11_VolumeBounce,ret_10d,345,0.4985507246376812,0.13279384879851672,1.0596596675689653,0.12531745131261604
E8_GapDownViolent + E4_Parabolic,E8_GapDownViolent,E4_Parabolic,ret_1d,2317,0.3288735433750539,0.5256424624128003,8.188969528875296,0.06418908515403819
E8_GapDownViolent + E4_Parabolic,E8_GapDownViolent,E4_Parabolic,ret_3d,2291,0.33697075512876473,0.5833727281031847,8.829643680041839,0.0660697927620586
E8_GapDownViolent + E4_Parabolic,E8_GapDownViolent,E4_Parabolic,ret_5d,2267,0.32642258491398324,0.7588197933355335,13.507251206644343,0.056178698517301805
E8_GapDownViolent + E4_Parabolic,E8_GapDownViolent,E4_Parabolic,ret_10d,2220,0.3387387387387387,1.369551906053837,23.315413384524334,0.058740194028165105
E8_GapDownViolent + E6_MultipleGreenDays,E8_GapDownViolent,E6_MultipleGreenDays,ret_1d,3797,0.39610218593626545,0.010115344949495982,0.8771443787234534,0.011532132217751068
E8_GapDownViolent + E6_MultipleGreenDays,E8_GapDownViolent,E6_MultipleGreenDays,ret_3d,3779,0.3908441386610214,-0.0030924073053626897,0.5870537908664536,-0.005267672832498868
E8_GapDownViolent + E6_MultipleGreenDays,E8_GapDownViolent,E6_MultipleGreenDays,ret_5d,3761,0.4017548524328636,0.025331628719556094,1.2819107140800874,0.019760837039055672
E8_GapDownViolent + E6_MultipleGreenDays,E8_GapDownViolent,E6_MultipleGreenDays,ret_10d,3730,0.40134048257372656,0.0933928180894273,2.0782606105607817,0.044937972463533774
E8_GapDownViolent + E7_FirstRedDay,E8_GapDownViolent,E7_FirstRedDay,ret_1d,110,0.45454545454545453,0.6943718324888968,6.389105234278024,0.10868060659942495
E8_GapDownViolent + E7_FirstRedDay,E8_GapDownViolent,E7_FirstRedDay,ret_3d,110,0.35454545454545455,0.9233094025165871,7.0097399720357,0.13171806746041803
E8_GapDownViolent + E7_FirstRedDay,E8_GapDownViolent,E7_FirstRedDay,ret_5d,108,0.39814814814814814,1.4736455324609876,7.525606126330441,0.19581752057220028
E8_GapDownViolent + E7_FirstRedDay,E8_GapDownViolent,E7_FirstRedDay,ret_10d,107,0.45794392523364486,1.279655607656017,7.601977816178882,0.16833193132089844
E8_GapDownViolent + E10_FirstGreenBounce,E8_GapDownViolent,E10_FirstGreenBounce,ret_1d,1126,0.4626998223801066,0.07208363189034046,1.4084845618391206,0.05117814837545516
E8_GapDownViolent + E10_FirstGreenBounce,E8_GapDownViolent,E10_FirstGreenBounce,ret_3d,1123,0.4719501335707925,0.3426667668389371,9.421600683157246,0.036370334337297236
E8_GapDownViolent + E10_FirstGreenBounce,E8_GapDownViolent,E10_FirstGreenBounce,ret_5d,1118,0.49016100178890876,0.36190241796612344,9.448791676323177,0.03830144957825455
E8_GapDownViolent + E10_FirstGreenBounce,E8_GapDownViolent,E10_FirstGreenBounce,ret_10d,1111,0.49504950495049505,0.41091915866376144,7.745871973688342,0.053050083974999475
E8_GapDownViolent + E3_PriceSpikeIntraday,E8_GapDownViolent,E3_PriceSpikeIntraday,ret_1d,10038,0.40326758318390116,0.1581473200385066,3.6415219324532218,0.04342890774022219
E8_GapDownViolent + E3_PriceSpikeIntraday,E8_GapDownViolent,E3_PriceSpikeIntraday,ret_3d,9983,0.4095963137333467,0.2265847949841011,5.510790905956803,0.041116565453277826
E8_GapDownViolent + E3_PriceSpikeIntraday,E8_GapDownViolent,E3_PriceSpikeIntraday,ret_5d,9933,0.41326890164099467,0.24318942323111384,5.51086287583634,0.04412910077974076
E8_GapDownViolent + E3_PriceSpikeIntraday,E8_GapDownViolent,E3_PriceSpikeIntraday,ret_10d,9818,0.42147076797718475,0.725818589943667,16.085667172322584,0.04512206936573506
E1_VolExplosion + E11_VolumeBounce,E1_VolExplosion,E11_VolumeBounce,ret_1d,16819,0.41465009810333553,-0.008353484517280668,0.17746573568675353,-0.047070971108617174
E1_VolExplosion + E11_VolumeBounce,E1_VolExplosion,E11_VolumeBounce,ret_3d,16750,0.42382089552238805,-0.009060543241520619,0.3165009423164626,-0.028627223588045984
E1_VolExplosion + E11_VolumeBounce,E1_VolExplosion,E11_VolumeBounce,ret_5d,16700,0.42562874251497007,-0.008441571024185288,0.3794358867601383,-0.02224768747169573
E1_VolExplosion + E11_VolumeBounce,E1_VolExplosion,E11_VolumeBounce,ret_10d,16568,0.43324480927088366,0.012114204840039219,1.55565744232875,0.007787193060899573
E1_VolExplosion + E4_Parabolic,E1_VolExplosion,E4_Parabolic,ret_1d,13354,0.32716788977085515,-0.027229407034622052,0.8669407380187076,-0.03140861403843093
E1_VolExplosion + E4_Parabolic,E1_VolExplosion,E4_Parabolic,ret_3d,13295,0.31101918014291086,-0.009699601323038643,2.5736372245347536,-0.0037688300552118715
E1_VolExplosion + E4_Parabolic,E1_VolExplosion,E4_Parabolic,ret_5d,13236,0.30507706255666367,0.00196525132109091,2.3578980923312534,0.0008334759366753914
E1_VolExplosion + E4_Parabolic,E1_VolExplosion,E4_Parabolic,ret_10d,13110,0.30411899313501145,0.03262075394095403,3.5588613483588816,0.009166064858356067
E1_VolExplosion + E6_MultipleGreenDays,E1_VolExplosion,E6_MultipleGreenDays,ret_1d,21572,0.4062210272575561,-0.010411649157390053,0.15943427562561105,-0.06530370659969653
E1_VolExplosion + E6_MultipleGreenDays,E1_VolExplosion,E6_MultipleGreenDays,ret_3d,21509,0.41006090473755175,-0.015332095005436554,0.19884543682795372,-0.07710559140817641
E1_VolExplosion + E6_MultipleGreenDays,E1_VolExplosion,E6_MultipleGreenDays,ret_5d,21444,0.4161537026674128,-0.015501187423030423,0.25774564318076565,-0.06014141396042501
E1_VolExplosion + E6_MultipleGreenDays,E1_VolExplosion,E6_MultipleGreenDays,ret_10d,21324,0.4245451134871506,-0.01217427265963095,0.4262115294884366,-0.02856392147402302
E1_VolExplosion + E7_FirstRedDay,E1_VolExplosion,E7_FirstRedDay,ret_1d,978,0.3394683026584867,-0.02406364332971322,0.18035528014113245,-0.13342355882723714
E1_VolExplosion + E7_FirstRedDay,E1_VolExplosion,E7_FirstRedDay,ret_3d,974,0.3490759753593429,-0.00797755105872283,0.49619319634730596,-0.01607750996476585
E1_VolExplosion + E7_FirstRedDay,E1_VolExplosion,E7_FirstRedDay,ret_5d,970,0.3371134020618557,-0.03135956672780209,0.3167299393480677,-0.09901042759756208
E1_VolExplosion + E7_FirstRedDay,E1_VolExplosion,E7_FirstRedDay,ret_10d,957,0.322884012539185,0.0034209100081676906,1.5320034771364908,0.002232964911125271
E1_VolExplosion + E10_FirstGreenBounce,E1_VolExplosion,E10_FirstGreenBounce,ret_1d,8847,0.4170905391658189,-0.007885788108407135,0.2104403352651314,-0.037472797686203645
E1_VolExplosion + E10_FirstGreenBounce,E1_VolExplosion,E10_FirstGreenBounce,ret_3d,8814,0.4237576582709326,-0.011884660531468324,0.2524052289363483,-0.047085635196826306
E1_VolExplosion + E10_FirstGreenBounce,E1_VolExplosion,E10_FirstGreenBounce,ret_5d,8784,0.4195127504553734,-0.013024803484572649,0.31631074699049266,-0.04117723981399891
E1_VolExplosion + E10_FirstGreenBounce,E1_VolExplosion,E10_FirstGreenBounce,ret_10d,8712,0.42504591368227734,0.0025578443623176074,0.9845358900684024,0.0025980204359435763
E1_VolExplosion + E3_PriceSpikeIntraday,E1_VolExplosion,E3_PriceSpikeIntraday,ret_1d,38900,0.34889460154241647,0.0010779851190241064,1.4510545471373903,0.0007428977230047847
E1_VolExplosion + E3_PriceSpikeIntraday,E1_VolExplosion,E3_PriceSpikeIntraday,ret_3d,38716,0.34223576815786755,0.006515239597015345,2.102079820504082,0.0030994254040519645
E1_VolExplosion + E3_PriceSpikeIntraday,E1_VolExplosion,E3_PriceSpikeIntraday,ret_5d,38528,0.33749480897009965,0.03221462654173492,3.4614645520697427,0.009306646379629267
E1_VolExplosion + E3_PriceSpikeIntraday,E1_VolExplosion,E3_PriceSpikeIntraday,ret_10d,38152,0.33793772279303835,0.04458676874782611,3.1602528315187244,0.014108608116142096
E11_VolumeBounce + E4_Parabolic,E11_VolumeBounce,E4_Parabolic,ret_1d,1720,0.30988372093023253,-0.04706333671044301,0.31085671810923987,-0.15139880841791625
E11_VolumeBounce + E4_Parabolic,E11_VolumeBounce,E4_Parabolic,ret_3d,1712,0.29848130841121495,-0.06736651405318893,0.3715898008533727,-0.18129268860038328
E11_VolumeBounce + E4_Parabolic,E11_VolumeBounce,E4_Parabolic,ret_5d,1702,0.2808460634547591,-0.08933293684848971,0.40844759025050564,-0.21871334041584328
E11_VolumeBounce + E4_Parabolic,E11_VolumeBounce,E4_Parabolic,ret_10d,1671,0.27827648114901254,-0.07599689601726209,0.6961227185501752,-0.10917169342719042
E11_VolumeBounce + E10_FirstGreenBounce,E11_VolumeBounce,E10_FirstGreenBounce,ret_1d,24861,0.447528257109529,-0.002493875727446233,0.14337644081871342,-0.01739390176800046
E11_VolumeBounce + E10_FirstGreenBounce,E11_VolumeBounce,E10_FirstGreenBounce,ret_3d,24798,0.4528591015404468,-0.0012509022440445208,0.23756390347568962,-0.00526554003256866
E11_VolumeBounce + E10_FirstGreenBounce,E11_VolumeBounce,E10_FirstGreenBounce,ret_5d,24731,0.4564311997088674,0.000189684538022723,0.2921034555587197,0.0006493745089728728
E11_VolumeBounce + E10_FirstGreenBounce,E11_VolumeBounce,E10_FirstGreenBounce,ret_10d,24606,0.4599284727302284,0.0077599012286048725,0.6929720726406724,0.011197999941086547
E11_VolumeBounce + E3_PriceSpikeIntraday,E11_VolumeBounce,E3_PriceSpikeIntraday,ret_1d,10795,0.36257526632700326,-0.01549081924852664,0.23731830640272983,-0.06527443872045284
E11_VolumeBounce + E3_PriceSpikeIntraday,E11_VolumeBounce,E3_PriceSpikeIntraday,ret_3d,10731,0.35588481968129715,-0.020003692524321666,0.4082473641863924,-0.04899895083018499
E11_VolumeBounce + E3_PriceSpikeIntraday,E11_VolumeBounce,E3_PriceSpikeIntraday,ret_5d,10675,0.3502576112412178,0.010913784449799537,3.015695066783071,0.0036189946954555937
E11_VolumeBounce + E3_PriceSpikeIntraday,E11_VolumeBounce,E3_PriceSpikeIntraday,ret_10d,10545,0.3504030346135609,0.0467637471725315,3.676376830673392,0.012720063618713947
E4_Parabolic + E6_MultipleGreenDays,E4_Parabolic,E6_MultipleGreenDays,ret_1d,22448,0.39005702066999287,-0.010516314207728332,0.33185290883089286,-0.03168968518244113
E4_Parabolic + E6_MultipleGreenDays,E4_Parabolic,E6_MultipleGreenDays,ret_3d,22376,0.36154808723632464,-0.022179141984211437,0.4712220866248223,-0.04706728019281072
E4_Parabolic + E6_MultipleGreenDays,E4_Parabolic,E6_MultipleGreenDays,ret_5d,22313,0.3561600860484919,-0.02446591840609648,0.6970579815926498,-0.03509882829287219
E4_Parabolic + E6_MultipleGreenDays,E4_Parabolic,E6_MultipleGreenDays,ret_10d,22175,0.36248027057497184,0.018684099619575994,4.420684938920571,0.004226516903540793
E4_Parabolic + E7_FirstRedDay,E4_Parabolic,E7_FirstRedDay,ret_1d,6169,0.39941643702382884,-0.010326758621512758,0.2348533194742096,-0.043971099257325126
E4_Parabolic + E7_FirstRedDay,E4_Parabolic,E7_FirstRedDay,ret_3d,6152,0.3842652795838752,-0.007597645802025988,0.48325770793356393,-0.01572172709777136
E4_Parabolic + E7_FirstRedDay,E4_Parabolic,E7_FirstRedDay,ret_5d,6140,0.3741042345276873,-0.013001233099301738,0.5094908393091844,-0.025518090014984438
E4_Parabolic + E7_FirstRedDay,E4_Parabolic,E7_FirstRedDay,ret_10d,6081,0.36441374773885876,0.007325401537240125,1.3840473000223092,0.005292739299532645
E4_Parabolic + E10_FirstGreenBounce,E4_Parabolic,E10_FirstGreenBounce,ret_1d,1686,0.33629893238434166,-0.0358290597542092,0.2748705989450992,-0.13034882556269853
E4_Parabolic + E10_FirstGreenBounce,E4_Parabolic,E10_FirstGreenBounce,ret_3d,1677,0.3190220632081097,0.08447088745401128,5.769203319038143,0.014641690157679257
E4_Parabolic + E10_FirstGreenBounce,E4_Parabolic,E10_FirstGreenBounce,ret_5d,1667,0.3089382123575285,0.10923745694063254,6.683212813887705,0.016345051397082148
E4_Parabolic + E10_FirstGreenBounce,E4_Parabolic,E10_FirstGreenBounce,ret_10d,1640,0.2951219512195122,0.18419176151028036,6.40697551942768,0.028748628889210082
E4_Parabolic + E3_PriceSpikeIntraday,E4_Parabolic,E3_PriceSpikeIntraday,ret_1d,30238,0.34456643957933725,-0.006286680972395009,1.3096728610259354,-0.004800191833760931
E4_Parabolic + E3_PriceSpikeIntraday,E4_Parabolic,E3_PriceSpikeIntraday,ret_3d,30074,0.32114118507681055,0.0003000857689336975,1.7189373478718708,0.00017457632723218126
E4_Parabolic + E3_PriceSpikeIntraday,E4_Parabolic,E3_PriceSpikeIntraday,ret_5d,29912,0.30716769189622894,0.026177280281409143,2.693889008567408,0.00971728241147175
E4_Parabolic + E3_PriceSpikeIntraday,E4_Parabolic,E3_PriceSpikeIntraday,ret_10d,29593,0.30551143851586526,0.14515787566551083,8.115101362711522,0.017887376777880295
E6_MultipleGreenDays + E3_PriceSpikeIntraday,E6_MultipleGreenDays,E3_PriceSpikeIntraday,ret_1d,28680,0.38950488145048817,-0.007643016624168304,0.43472212827539414,-0.017581383893406258
E6_MultipleGreenDays + E3_PriceSpikeIntraday,E6_MultipleGreenDays,E3_PriceSpikeIntraday,ret_3d,28582,0.37485130501714364,-0.012330164761195205,0.48692464712588884,-0.025322531594929473
E6_MultipleGreenDays + E3_PriceSpikeIntraday,E6_MultipleGreenDays,E3_PriceSpikeIntraday,ret_5d,28500,0.3663859649122807,-0.013417346202191201,0.5732885061838902,-0.023404177926929174
E6_MultipleGreenDays + E3_PriceSpikeIntraday,E6_MultipleGreenDays,E3_PriceSpikeIntraday,ret_10d,28321,0.36894883655238164,0.02492460696076704,3.9118567431920894,0.006371554123024575
E7_FirstRedDay + E3_PriceSpikeIntraday,E7_FirstRedDay,E3_PriceSpikeIntraday,ret_1d,1011,0.35212660731948564,-0.019265511386390318,0.22369556767619334,-0.08612379577532701
E7_FirstRedDay + E3_PriceSpikeIntraday,E7_FirstRedDay,E3_PriceSpikeIntraday,ret_3d,1005,0.3263681592039801,-0.002044963026672552,0.9894980442727741,-0.0020666670727737375
E7_FirstRedDay + E3_PriceSpikeIntraday,E7_FirstRedDay,E3_PriceSpikeIntraday,ret_5d,999,0.3173173173173173,0.10043546694631368,4.730552527314246,0.02123123384983013
E7_FirstRedDay + E3_PriceSpikeIntraday,E7_FirstRedDay,E3_PriceSpikeIntraday,ret_10d,978,0.28732106339468305,0.029209217604760505,3.2003440751338683,0.009126899145536
E10_FirstGreenBounce + E3_PriceSpikeIntraday,E10_FirstGreenBounce,E3_PriceSpikeIntraday,ret_1d,17266,0.3879300359087223,-0.004923185834287703,0.416654161427751,-0.011816000630876688
E10_FirstGreenBounce + E3_PriceSpikeIntraday,E10_FirstGreenBounce,E3_PriceSpikeIntraday,ret_3d,17189,0.38210483448717203,0.02610229406588736,3.096049844204152,0.008430837802805796
E10_FirstGreenBounce + E3_PriceSpikeIntraday,E10_FirstGreenBounce,E3_PriceSpikeIntraday,ret_5d,17109,0.3880413817289146,0.08539213609956589,7.177488183020102,0.011897217232844691
E10_FirstGreenBounce + E3_PriceSpikeIntraday,E10_FirstGreenBounce,E3_PriceSpikeIntraday,ret_10d,16958,0.3825333176082085,0.1804516689697814,8.51950575889642,0.021181002053005986
